/*
 Navicat Premium Data Transfer

 Source Server         : XAMPP SQL
 Source Server Type    : MySQL
 Source Server Version : 100411
 Source Host           : localhost:3306
 Source Schema         : api

 Target Server Type    : MySQL
 Target Server Version : 100411
 File Encoding         : 65001

 Date: 10/03/2020 09:51:06
*/

SET NAMES utf8mb4;
SET FOREIGN_KEY_CHECKS = 0;

-- ----------------------------
-- Table structure for migrations
-- ----------------------------
DROP TABLE IF EXISTS `migrations`;
CREATE TABLE `migrations`  (
  `id` int(10) UNSIGNED NOT NULL AUTO_INCREMENT,
  `migration` varchar(255) CHARACTER SET utf8mb4 COLLATE utf8mb4_unicode_ci NOT NULL,
  `batch` int(11) NOT NULL,
  PRIMARY KEY (`id`) USING BTREE
) ENGINE = InnoDB AUTO_INCREMENT = 5 CHARACTER SET = utf8mb4 COLLATE = utf8mb4_unicode_ci ROW_FORMAT = Dynamic;

-- ----------------------------
-- Records of migrations
-- ----------------------------
INSERT INTO `migrations` VALUES (1, '2014_10_12_000000_create_users_table', 1);
INSERT INTO `migrations` VALUES (2, '2014_10_12_100000_create_password_resets_table', 1);
INSERT INTO `migrations` VALUES (3, '2020_03_09_085604_create_products_table', 1);
INSERT INTO `migrations` VALUES (4, '2020_03_09_085629_create_reviews_table', 1);

-- ----------------------------
-- Table structure for password_resets
-- ----------------------------
DROP TABLE IF EXISTS `password_resets`;
CREATE TABLE `password_resets`  (
  `email` varchar(255) CHARACTER SET utf8mb4 COLLATE utf8mb4_unicode_ci NOT NULL,
  `token` varchar(255) CHARACTER SET utf8mb4 COLLATE utf8mb4_unicode_ci NOT NULL,
  `created_at` timestamp(0) NULL DEFAULT NULL,
  INDEX `password_resets_email_index`(`email`) USING BTREE
) ENGINE = InnoDB CHARACTER SET = utf8mb4 COLLATE = utf8mb4_unicode_ci ROW_FORMAT = Dynamic;

-- ----------------------------
-- Records of password_resets
-- ----------------------------

-- ----------------------------
-- Table structure for products
-- ----------------------------
DROP TABLE IF EXISTS `products`;
CREATE TABLE `products`  (
  `id` int(10) UNSIGNED NOT NULL AUTO_INCREMENT,
  `name` varchar(255) CHARACTER SET utf8mb4 COLLATE utf8mb4_unicode_ci NOT NULL,
  `detail` text CHARACTER SET utf8mb4 COLLATE utf8mb4_unicode_ci NOT NULL,
  `price` int(11) NOT NULL,
  `stock` int(11) NOT NULL,
  `discount` int(11) NOT NULL,
  `created_at` timestamp(0) NULL DEFAULT NULL,
  `updated_at` timestamp(0) NULL DEFAULT NULL,
  PRIMARY KEY (`id`) USING BTREE
) ENGINE = InnoDB AUTO_INCREMENT = 151 CHARACTER SET = utf8mb4 COLLATE = utf8mb4_unicode_ci ROW_FORMAT = Dynamic;

-- ----------------------------
-- Records of products
-- ----------------------------
INSERT INTO `products` VALUES (1, 'distinctio', 'Laudantium iure commodi est et consequuntur non debitis. Eligendi iusto quia voluptatem ratione illum libero et. Labore vitae quo sit dolor rerum officia ut. Deserunt recusandae distinctio natus tenetur et.', 863, 6, 11, '2020-03-09 10:13:25', '2020-03-09 10:13:25');
INSERT INTO `products` VALUES (2, 'sapiente', 'Et sit eos quod repellat quidem voluptatem et ullam. Architecto dolores aut quam voluptatum maiores voluptate vitae. Non asperiores dicta omnis sit ad qui.', 833, 9, 4, '2020-03-09 10:13:25', '2020-03-09 10:13:25');
INSERT INTO `products` VALUES (3, 'ut', 'Minima commodi voluptatem ad consequatur consequatur. Vitae ea earum voluptatum iure minima fugit. Fuga omnis corrupti quia aut suscipit. Placeat et consequatur ut.', 791, 9, 13, '2020-03-09 10:13:25', '2020-03-09 10:13:25');
INSERT INTO `products` VALUES (4, 'sit', 'Sit consequuntur cupiditate quis est. Aspernatur perspiciatis enim neque. Tempore qui et consequuntur repellendus omnis. Quam quia commodi earum magnam voluptatem.', 738, 8, 17, '2020-03-09 10:13:25', '2020-03-09 10:13:25');
INSERT INTO `products` VALUES (5, 'quae', 'Laudantium enim voluptates dicta doloremque rerum. Voluptas quae illo ipsa perspiciatis rerum illum. Quo inventore ut ex accusantium officia. Quae voluptates voluptatem similique odio ab quisquam.', 270, 6, 28, '2020-03-09 10:13:25', '2020-03-09 10:13:25');
INSERT INTO `products` VALUES (6, 'qui', 'Omnis sed adipisci tempora quae molestiae et. Excepturi voluptas aut ut. Ullam reprehenderit qui ipsa. Aperiam aut rerum sequi rerum omnis a.', 653, 2, 19, '2020-03-09 10:13:25', '2020-03-09 10:13:25');
INSERT INTO `products` VALUES (7, 'expedita', 'Fugit quo rerum consequatur provident eum natus sit. Incidunt consequatur dolor error est non illo quasi. Et exercitationem autem non impedit voluptas assumenda. Tempora est nostrum nemo saepe velit nam.', 937, 1, 24, '2020-03-09 10:13:25', '2020-03-09 10:13:25');
INSERT INTO `products` VALUES (8, 'sed', 'Est facere enim ratione autem necessitatibus et mollitia quos. Eos voluptatem maiores quibusdam aut. Omnis est officiis modi iste.', 137, 1, 12, '2020-03-09 10:13:25', '2020-03-09 10:13:25');
INSERT INTO `products` VALUES (9, 'odit', 'Vitae illum accusamus dicta nulla. Quis possimus consequatur necessitatibus eaque ut omnis. Sint ipsum recusandae est. Et quia aspernatur eum amet et velit dignissimos.', 489, 5, 23, '2020-03-09 10:13:25', '2020-03-09 10:13:25');
INSERT INTO `products` VALUES (10, 'delectus', 'Similique quisquam magnam id eos architecto eos tempore. Et accusantium eum eaque alias labore. Tempore quis sunt accusamus quas voluptatem error. Nihil aut ut sint qui.', 361, 1, 24, '2020-03-09 10:13:25', '2020-03-09 10:13:25');
INSERT INTO `products` VALUES (11, 'sunt', 'Commodi quia ipsum enim sint. Et esse quia dolor aut deserunt illo ratione. Officia cupiditate repudiandae omnis.', 184, 2, 16, '2020-03-09 10:13:25', '2020-03-09 10:13:25');
INSERT INTO `products` VALUES (12, 'quia', 'Enim et voluptas velit. Atque atque sint reiciendis consequuntur enim ut aut. Eum non illum quo molestiae consequatur.', 915, 7, 10, '2020-03-09 10:13:25', '2020-03-09 10:13:25');
INSERT INTO `products` VALUES (13, 'eius', 'At aut ut et aliquam. Nesciunt maxime quo qui eaque velit nesciunt. Aut incidunt distinctio nihil nobis quidem numquam quibusdam.', 553, 8, 27, '2020-03-09 10:13:25', '2020-03-09 10:13:25');
INSERT INTO `products` VALUES (14, 'ducimus', 'Voluptatem necessitatibus deserunt harum voluptatem. Rerum voluptate nemo quasi autem voluptatibus est dolore. Nam odio expedita nostrum et officiis nisi quaerat reiciendis. Explicabo quam quod quidem reiciendis. Voluptas soluta ducimus dicta laborum dignissimos magni.', 669, 6, 21, '2020-03-09 10:13:25', '2020-03-09 10:13:25');
INSERT INTO `products` VALUES (15, 'similique', 'Cumque sit enim ab sequi. Omnis ullam qui animi.', 952, 8, 14, '2020-03-09 10:13:25', '2020-03-09 10:13:25');
INSERT INTO `products` VALUES (16, 'laboriosam', 'Neque ut ipsum debitis possimus est. Inventore et impedit quos est molestiae at velit.', 950, 5, 4, '2020-03-09 10:13:26', '2020-03-09 10:13:26');
INSERT INTO `products` VALUES (17, 'totam', 'Qui hic amet ad et inventore. Accusantium et vitae asperiores harum odio quidem. Quos qui esse voluptatem sequi est facere quos. Error et est consequatur id.', 212, 7, 7, '2020-03-09 10:13:26', '2020-03-09 10:13:26');
INSERT INTO `products` VALUES (18, 'a', 'Sequi qui nisi consequuntur reprehenderit. Quam tempore optio omnis necessitatibus. Et aspernatur harum aspernatur illo.', 142, 5, 19, '2020-03-09 10:13:26', '2020-03-09 10:13:26');
INSERT INTO `products` VALUES (19, 'fuga', 'Debitis dicta in est ipsum reiciendis. Velit facere enim amet. Est alias dolorum quia numquam. Magni sunt quo omnis minima et eum rem.', 747, 4, 25, '2020-03-09 10:13:26', '2020-03-09 10:13:26');
INSERT INTO `products` VALUES (20, 'natus', 'Error est dicta quos suscipit ducimus et. Asperiores eum sit dolores modi laudantium fuga dicta occaecati.', 482, 0, 24, '2020-03-09 10:13:26', '2020-03-09 10:13:26');
INSERT INTO `products` VALUES (21, 'qui', 'Adipisci molestiae consequatur aliquam rerum possimus necessitatibus est perspiciatis. Sed quibusdam error amet et. Harum voluptatem sapiente natus voluptatibus eius. Laboriosam aut quo provident nobis pariatur dolores sunt.', 305, 9, 12, '2020-03-09 10:13:26', '2020-03-09 10:13:26');
INSERT INTO `products` VALUES (22, 'et', 'Et at aut blanditiis soluta. Tempora non quisquam veniam et. Voluptatem harum nihil laborum omnis molestias illum. Suscipit est quia voluptatem et neque.', 512, 7, 30, '2020-03-09 10:13:26', '2020-03-09 10:13:26');
INSERT INTO `products` VALUES (23, 'eum', 'Numquam rerum dolores officiis sunt molestias. Perferendis ut omnis recusandae fugit. Deserunt veniam quae sed reprehenderit similique vero occaecati.', 786, 0, 30, '2020-03-09 10:13:26', '2020-03-09 10:13:26');
INSERT INTO `products` VALUES (24, 'nisi', 'Quis fugiat fuga sunt omnis. Rerum placeat quasi neque sapiente consequatur. Qui labore sunt velit ipsum. Expedita nihil expedita suscipit adipisci ut deleniti.', 233, 3, 7, '2020-03-09 10:13:26', '2020-03-09 10:13:26');
INSERT INTO `products` VALUES (25, 'ipsum', 'Repellendus sequi numquam non sit. Molestiae maxime dolorem sit consectetur qui fugit. Qui aut aperiam saepe facere eum rerum modi quasi. Ab quia laudantium libero quidem enim dolore asperiores ab. Nobis eius minima accusamus laborum.', 219, 0, 26, '2020-03-09 10:13:26', '2020-03-09 10:13:26');
INSERT INTO `products` VALUES (26, 'ut', 'Cupiditate fuga sed ut quia repellat corrupti. Itaque quis autem vel qui adipisci excepturi. Velit nesciunt cupiditate excepturi aut.', 172, 8, 30, '2020-03-09 10:13:26', '2020-03-09 10:13:26');
INSERT INTO `products` VALUES (27, 'cupiditate', 'Omnis dolore sunt provident temporibus cupiditate aperiam. Totam corrupti corrupti quia optio quas. Nesciunt eveniet repudiandae doloribus illum. Reprehenderit enim qui repellendus. Doloribus repellat doloremque voluptatem omnis natus ad eos.', 604, 8, 20, '2020-03-09 10:13:26', '2020-03-09 10:13:26');
INSERT INTO `products` VALUES (28, 'omnis', 'Praesentium sit alias veritatis expedita. Natus blanditiis est quasi voluptatem. Laborum rerum qui quia enim non repellat voluptatem. Aut ut qui est neque expedita ipsum ut provident.', 132, 0, 21, '2020-03-09 10:13:26', '2020-03-09 10:13:26');
INSERT INTO `products` VALUES (29, 'culpa', 'Cumque velit quas aut exercitationem aut in repudiandae repellendus. Qui expedita at non repellendus culpa tenetur.', 893, 3, 29, '2020-03-09 10:13:26', '2020-03-09 10:13:26');
INSERT INTO `products` VALUES (30, 'iusto', 'Minus eos animi labore dolores. Temporibus nihil illo quia officiis. Libero rerum delectus ut. Sunt culpa asperiores laudantium. Tempora dicta quisquam sunt ab.', 463, 7, 6, '2020-03-09 10:13:26', '2020-03-09 10:13:26');
INSERT INTO `products` VALUES (31, 'dolorum', 'Ex sapiente cumque quae error et consequatur et omnis. Beatae consectetur dolores autem dolorum. Ea occaecati laborum tempora rem. Sunt enim cum voluptates qui dolor velit.', 881, 6, 3, '2020-03-09 10:13:26', '2020-03-09 10:13:26');
INSERT INTO `products` VALUES (32, 'odio', 'Unde corporis rerum non dicta assumenda. Non sed alias voluptatum dolores pariatur. Est deserunt nemo dolorem qui qui eum voluptas minus. Totam et laborum perferendis quidem maiores.', 656, 6, 25, '2020-03-09 10:13:26', '2020-03-09 10:13:26');
INSERT INTO `products` VALUES (33, 'ipsa', 'Aut consequuntur facere facere ut quae. Et dolorem sit eum itaque cumque. Voluptas voluptas molestias non id. Et quia aut alias ex voluptatem.', 401, 6, 26, '2020-03-09 10:13:26', '2020-03-09 10:13:26');
INSERT INTO `products` VALUES (34, 'nemo', 'Ut at qui doloremque. Sit enim quos omnis quos nesciunt nihil. Quia et laborum fugiat vero.', 192, 0, 10, '2020-03-09 10:13:26', '2020-03-09 10:13:26');
INSERT INTO `products` VALUES (35, 'velit', 'Aliquam velit autem vero eos voluptatibus et. Excepturi minima amet quod illo nihil. Esse aut qui occaecati sint sed enim. Repudiandae beatae odit eum est nihil molestiae neque.', 855, 3, 19, '2020-03-09 10:13:26', '2020-03-09 10:13:26');
INSERT INTO `products` VALUES (36, 'hic', 'Voluptates repudiandae culpa praesentium ea consectetur. Dolorem consequatur modi aliquid facilis dolorem est. Et eveniet doloremque assumenda et.', 955, 5, 5, '2020-03-09 10:13:26', '2020-03-09 10:13:26');
INSERT INTO `products` VALUES (37, 'eum', 'Ut doloremque aperiam culpa. Ut impedit laudantium id ipsa illum ut blanditiis. Ut eum repellat ipsum voluptatem. Voluptas quam natus laborum voluptas consequatur aut.', 513, 3, 17, '2020-03-09 10:13:26', '2020-03-09 10:13:26');
INSERT INTO `products` VALUES (38, 'velit', 'Similique voluptas quaerat voluptas doloribus ipsum in doloribus. Quis quisquam nostrum animi voluptates itaque provident. Odit et est occaecati dignissimos placeat ab. Reprehenderit nihil aut doloremque.', 333, 0, 19, '2020-03-09 10:13:26', '2020-03-09 10:13:26');
INSERT INTO `products` VALUES (39, 'delectus', 'Molestiae temporibus aut sed eos alias tempore iure. Labore et enim nihil eos totam odit ut. Aliquam qui voluptatem itaque velit cum. Aut explicabo incidunt voluptatem illo et nam fuga.', 226, 8, 24, '2020-03-09 10:13:26', '2020-03-09 10:13:26');
INSERT INTO `products` VALUES (40, 'beatae', 'Et magni quas voluptatem hic in aut. Esse consequuntur deserunt eum asperiores. Natus dolor necessitatibus praesentium repudiandae enim sed aut. Minus occaecati excepturi rerum vel eaque impedit.', 644, 4, 26, '2020-03-09 10:13:27', '2020-03-09 10:13:27');
INSERT INTO `products` VALUES (41, 'explicabo', 'Dolores dolores voluptatibus quod laudantium omnis quo. Provident nesciunt qui corrupti illum deserunt deleniti. Aut a sed totam error minus.', 701, 1, 18, '2020-03-09 10:13:27', '2020-03-09 10:13:27');
INSERT INTO `products` VALUES (42, 'molestiae', 'Temporibus quo maiores ut ut est asperiores. Pariatur reprehenderit tempora et in excepturi molestiae. Quia sed adipisci dolores consequatur eos nemo. Autem qui odio aliquid quibusdam ad temporibus omnis magni. Beatae dolor omnis iure ad facere totam vel.', 872, 1, 21, '2020-03-09 10:13:27', '2020-03-09 10:13:27');
INSERT INTO `products` VALUES (43, 'qui', 'Aut maiores dolores harum. Similique sed quisquam odio qui. Qui animi et sit atque hic laboriosam debitis.', 399, 2, 8, '2020-03-09 10:13:27', '2020-03-09 10:13:27');
INSERT INTO `products` VALUES (44, 'culpa', 'Cum illum deserunt aut hic repellat impedit totam. Exercitationem ea expedita placeat cumque. Illum eveniet qui ex.', 281, 3, 5, '2020-03-09 10:13:27', '2020-03-09 10:13:27');
INSERT INTO `products` VALUES (45, 'accusamus', 'Et dolorem aspernatur consequatur quasi odit minima expedita. Qui unde aut odio et. Minima quia delectus qui id. Quidem eveniet libero odit.', 927, 2, 19, '2020-03-09 10:13:27', '2020-03-09 10:13:27');
INSERT INTO `products` VALUES (46, 'non', 'Laboriosam aperiam unde rem commodi dolorem ea. Magni odio est possimus accusantium iusto laborum ut porro. Saepe ex libero provident corrupti nesciunt veniam ipsum. Nihil itaque ut et.', 622, 0, 18, '2020-03-09 10:13:27', '2020-03-09 10:13:27');
INSERT INTO `products` VALUES (47, 'sed', 'Exercitationem ea unde suscipit voluptatum autem error voluptas. Accusamus est porro enim voluptatem cum. Laudantium ipsa nesciunt sequi explicabo. Tenetur qui iusto facilis et beatae voluptate.', 446, 6, 13, '2020-03-09 10:13:27', '2020-03-09 10:13:27');
INSERT INTO `products` VALUES (48, 'similique', 'Necessitatibus voluptatibus autem omnis cupiditate. Et odit in harum qui illo. Non sit expedita modi iste ipsam eaque. Non non dignissimos voluptas nobis atque.', 114, 5, 7, '2020-03-09 10:13:27', '2020-03-09 10:13:27');
INSERT INTO `products` VALUES (49, 'necessitatibus', 'Non magnam atque qui aut consectetur ipsum tenetur. Odio commodi dolores qui ut laboriosam ut accusantium. Quos non et quidem voluptates tempora veniam. Itaque repellendus aperiam sint dolorem et et eius mollitia.', 758, 2, 22, '2020-03-09 10:13:27', '2020-03-09 10:13:27');
INSERT INTO `products` VALUES (50, 'optio', 'Rerum sit hic cumque qui placeat. Aspernatur soluta qui labore iure. Nobis neque ut ex autem autem ea.', 851, 9, 8, '2020-03-09 10:13:27', '2020-03-09 10:13:27');
INSERT INTO `products` VALUES (51, 'dicta', 'Quidem accusamus rerum animi error. Voluptatibus culpa dicta commodi asperiores amet. Voluptatem autem qui optio. Sit ut distinctio incidunt voluptates. Ut molestiae porro ut accusantium repudiandae asperiores soluta.', 327, 2, 6, '2020-03-09 10:14:07', '2020-03-09 10:14:07');
INSERT INTO `products` VALUES (52, 'tempora', 'Optio iste eligendi repellat ut non consequatur. Quia veritatis enim non velit praesentium debitis ad. Corporis harum odio dolor quia ducimus harum.', 978, 4, 19, '2020-03-09 10:14:07', '2020-03-09 10:14:07');
INSERT INTO `products` VALUES (53, 'non', 'Fuga odit eum dignissimos adipisci ut dolorum voluptatem. Excepturi atque velit consequatur quaerat. Quia sit magni magnam ea et et tempore voluptatem. Facere aut aliquam perspiciatis modi sed eius.', 471, 1, 25, '2020-03-09 10:14:07', '2020-03-09 10:14:07');
INSERT INTO `products` VALUES (54, 'fuga', 'Quos quia fugiat consequatur dicta dolor cumque. Et delectus accusamus officiis quae sit provident.', 612, 8, 2, '2020-03-09 10:14:07', '2020-03-09 10:14:07');
INSERT INTO `products` VALUES (55, 'quos', 'Aut distinctio voluptatem suscipit. Aut doloribus asperiores libero sunt voluptas. Nihil quasi dolores architecto accusamus quasi cumque id. Ratione itaque eligendi iste.', 259, 2, 16, '2020-03-09 10:14:07', '2020-03-09 10:14:07');
INSERT INTO `products` VALUES (56, 'nemo', 'Quidem modi pariatur praesentium expedita qui illo dolor. Sunt eum cum laudantium eaque molestiae doloremque porro qui. Ad voluptatem eum est enim. Eligendi necessitatibus ut omnis sequi error quia.', 333, 2, 28, '2020-03-09 10:14:07', '2020-03-09 10:14:07');
INSERT INTO `products` VALUES (57, 'illum', 'Blanditiis harum nihil voluptas quis non. Voluptatem officiis sunt eaque ipsa repellat quia asperiores. Voluptatum doloremque itaque dicta.', 913, 6, 24, '2020-03-09 10:14:07', '2020-03-09 10:14:07');
INSERT INTO `products` VALUES (58, 'qui', 'Iusto non sint doloremque et nulla vel vero. Et voluptatem rem placeat ut. Laudantium ea ratione tenetur quo.', 104, 4, 7, '2020-03-09 10:14:07', '2020-03-09 10:14:07');
INSERT INTO `products` VALUES (59, 'impedit', 'Vel aut nulla voluptas vel. Quas quia numquam totam. Ut sit quam odio minus.', 135, 3, 17, '2020-03-09 10:14:07', '2020-03-09 10:14:07');
INSERT INTO `products` VALUES (60, 'veritatis', 'Quo culpa ducimus ut ad aut ipsa earum. Enim ab omnis quibusdam quod voluptatem doloremque voluptatibus error.', 354, 8, 21, '2020-03-09 10:14:07', '2020-03-09 10:14:07');
INSERT INTO `products` VALUES (61, 'non', 'Eaque illo pariatur id recusandae error vero qui quaerat. Expedita esse unde et possimus. Odit et quia aperiam et perferendis dolorem occaecati.', 460, 9, 5, '2020-03-09 10:14:07', '2020-03-09 10:14:07');
INSERT INTO `products` VALUES (62, 'quam', 'Rerum aperiam accusamus aut veritatis laudantium. Maiores quis omnis magnam architecto nesciunt. Non praesentium occaecati nihil rerum numquam. Iste praesentium cupiditate fuga placeat totam quas commodi.', 385, 8, 21, '2020-03-09 10:14:07', '2020-03-09 10:14:07');
INSERT INTO `products` VALUES (63, 'atque', 'Possimus occaecati qui voluptatem est. Cumque eos placeat ex quibusdam tempora. Necessitatibus aspernatur placeat dignissimos officia occaecati in et.', 843, 4, 21, '2020-03-09 10:14:07', '2020-03-09 10:14:07');
INSERT INTO `products` VALUES (64, 'similique', 'Quae alias rerum non sunt optio eum. Eligendi quam laboriosam totam et.', 325, 0, 5, '2020-03-09 10:14:07', '2020-03-09 10:14:07');
INSERT INTO `products` VALUES (65, 'voluptas', 'Fugit qui exercitationem numquam similique in quia temporibus. Perspiciatis et maiores perferendis impedit ipsam. Vitae minus molestias soluta quis magni provident est. Sunt doloremque laborum atque totam rem nostrum tempora ipsum. Praesentium voluptas sunt consectetur.', 827, 4, 23, '2020-03-09 10:14:07', '2020-03-09 10:14:07');
INSERT INTO `products` VALUES (66, 'dolores', 'Perspiciatis qui deleniti nam cumque aspernatur. Necessitatibus nihil architecto neque facilis. Qui nam non iste nisi rerum expedita.', 592, 5, 16, '2020-03-09 10:14:08', '2020-03-09 10:14:08');
INSERT INTO `products` VALUES (67, 'ipsa', 'Illum non accusantium eos nisi ut non inventore. Vel amet nihil ut id adipisci suscipit. Provident ipsa voluptatum magni necessitatibus voluptatem soluta id possimus. Est magni et autem ut iste sed explicabo.', 640, 7, 23, '2020-03-09 10:14:08', '2020-03-09 10:14:08');
INSERT INTO `products` VALUES (68, 'voluptatum', 'Vero sed molestiae fuga. Magnam numquam nisi tempora. Sed soluta sint ab quae. Tenetur magnam repudiandae est non quaerat.', 468, 3, 25, '2020-03-09 10:14:08', '2020-03-09 10:14:08');
INSERT INTO `products` VALUES (69, 'blanditiis', 'Est consectetur repellendus dicta quas. Vitae voluptatem at corporis. Magnam dicta quia unde praesentium id aut perspiciatis.', 965, 1, 30, '2020-03-09 10:14:08', '2020-03-09 10:14:08');
INSERT INTO `products` VALUES (70, 'labore', 'A qui fugiat mollitia similique. Nobis eligendi dolorum soluta ea iure autem dolores. Sed officiis fuga nobis autem.', 121, 4, 9, '2020-03-09 10:14:08', '2020-03-09 10:14:08');
INSERT INTO `products` VALUES (71, 'optio', 'Dolorum quas doloribus pariatur aspernatur magni consequatur. Libero ut qui nostrum aperiam. Sit est non qui. Sed sed quibusdam quae.', 998, 7, 25, '2020-03-09 10:14:08', '2020-03-09 10:14:08');
INSERT INTO `products` VALUES (72, 'ad', 'Autem eligendi qui et accusantium voluptate aut. Tenetur eum provident voluptas est nobis excepturi. Quia animi omnis necessitatibus consequuntur nihil. Rerum et aut necessitatibus illum.', 179, 8, 8, '2020-03-09 10:14:08', '2020-03-09 10:14:08');
INSERT INTO `products` VALUES (73, 'eos', 'Iure nulla quas et consectetur pariatur ut cumque. Debitis animi et veniam nihil neque non. Consequatur pariatur illo asperiores cupiditate reiciendis. Corrupti beatae velit maiores consequuntur at quam.', 696, 3, 14, '2020-03-09 10:14:08', '2020-03-09 10:14:08');
INSERT INTO `products` VALUES (74, 'doloremque', 'Labore eum aut et non sunt nulla rem. Dolorem omnis magnam consequatur quidem. Maxime fugiat doloribus ipsam qui illum quis quasi.', 900, 6, 7, '2020-03-09 10:14:08', '2020-03-09 10:14:08');
INSERT INTO `products` VALUES (75, 'et', 'Nihil vel ratione sint ut. Et consectetur enim ea dolore. Est et inventore rerum fuga qui eaque quo.', 552, 3, 17, '2020-03-09 10:14:08', '2020-03-09 10:14:08');
INSERT INTO `products` VALUES (76, 'explicabo', 'Repellat dolor quia sed pariatur facere. Cum vel qui sequi consequatur veritatis. Est omnis non qui. Optio in facere quasi. Nostrum est harum odio enim nobis impedit.', 658, 9, 4, '2020-03-09 10:14:08', '2020-03-09 10:14:08');
INSERT INTO `products` VALUES (77, 'qui', 'Similique qui consequatur veritatis incidunt ex. Voluptatibus repellendus minus ea eligendi veritatis. Officiis adipisci dolore et itaque. Magni id provident deleniti minima quos.', 148, 9, 15, '2020-03-09 10:14:08', '2020-03-09 10:14:08');
INSERT INTO `products` VALUES (78, 'aut', 'Distinctio nostrum non nihil aliquam et debitis inventore. Eos et aut aut et aut ullam nulla. Voluptate voluptatem similique eos nisi. Id ut itaque aliquam.', 144, 4, 26, '2020-03-09 10:14:08', '2020-03-09 10:14:08');
INSERT INTO `products` VALUES (79, 'occaecati', 'Aut illum fuga quae quibusdam reprehenderit. Qui aut distinctio dolor. Nihil et quo consequuntur ducimus sit.', 330, 8, 3, '2020-03-09 10:14:08', '2020-03-09 10:14:08');
INSERT INTO `products` VALUES (80, 'molestiae', 'Quas expedita nemo cumque. Officia vero autem iusto corrupti dolore. Voluptas sit enim sed voluptatibus. Error maiores tempore fuga nihil quia.', 307, 6, 21, '2020-03-09 10:14:08', '2020-03-09 10:14:08');
INSERT INTO `products` VALUES (81, 'laborum', 'Reprehenderit et iure molestiae repellat. Porro quia sed ipsam consectetur exercitationem voluptatum nihil et. Et nesciunt ipsum exercitationem. Voluptatem doloremque explicabo perferendis. Aut ut harum incidunt ea ut ut ut unde.', 362, 4, 23, '2020-03-09 10:14:08', '2020-03-09 10:14:08');
INSERT INTO `products` VALUES (82, 'voluptas', 'Ea perferendis voluptatibus dignissimos sunt non. Assumenda a vel ullam quia totam. Et expedita tempore qui tempore dolor.', 898, 8, 29, '2020-03-09 10:14:08', '2020-03-09 10:14:08');
INSERT INTO `products` VALUES (83, 'dolor', 'Aut vel repellendus aut eius est. Debitis voluptatibus expedita molestias omnis enim quo consequatur. Doloremque similique tenetur totam rerum sit autem. Autem eligendi non sunt cumque consectetur neque odit rerum.', 902, 3, 24, '2020-03-09 10:14:08', '2020-03-09 10:14:08');
INSERT INTO `products` VALUES (84, 'repellat', 'Autem perferendis nobis adipisci et laborum itaque odit. Esse quia eligendi odio voluptas vel reprehenderit. Soluta eaque ipsum eligendi et sed vero debitis hic. Et rem architecto id quam itaque qui.', 930, 2, 7, '2020-03-09 10:14:08', '2020-03-09 10:14:08');
INSERT INTO `products` VALUES (85, 'ducimus', 'Quos vero est cupiditate omnis quia vel. Omnis hic eos eum repellendus. Voluptate sunt autem dicta.', 416, 9, 5, '2020-03-09 10:14:09', '2020-03-09 10:14:09');
INSERT INTO `products` VALUES (86, 'tempore', 'Est occaecati iure corporis cupiditate adipisci officiis. Nulla dignissimos tempora minus rerum. Repellat ipsum et voluptas quia.', 610, 5, 26, '2020-03-09 10:14:09', '2020-03-09 10:14:09');
INSERT INTO `products` VALUES (87, 'sint', 'Non dolore magni quis rerum aspernatur aut. Odit placeat asperiores voluptatem ut esse aspernatur. Aut in ut debitis reiciendis non itaque. Ea dicta aliquid molestiae iure dolor ad.', 941, 6, 5, '2020-03-09 10:14:09', '2020-03-09 10:14:09');
INSERT INTO `products` VALUES (88, 'culpa', 'Est sequi unde illum et quis quo. Sit cum dolor repudiandae soluta atque aut velit. Est rerum adipisci qui perferendis ab debitis.', 621, 4, 7, '2020-03-09 10:14:09', '2020-03-09 10:14:09');
INSERT INTO `products` VALUES (89, 'ducimus', 'Quasi vel atque voluptate eos cupiditate laborum ad. Quam porro nulla quasi animi voluptates consequatur. Vitae sit voluptatem sequi ut nobis. Aliquid omnis voluptatem voluptatibus dolor.', 305, 2, 27, '2020-03-09 10:14:09', '2020-03-09 10:14:09');
INSERT INTO `products` VALUES (90, 'tenetur', 'Eaque recusandae omnis non voluptatem et recusandae. Eius et veniam sed laudantium perspiciatis velit.', 765, 3, 30, '2020-03-09 10:14:09', '2020-03-09 10:14:09');
INSERT INTO `products` VALUES (91, 'et', 'Blanditiis omnis placeat perferendis rerum unde. Odit repellat temporibus omnis qui quia voluptatem. Debitis ut esse dolor et ut omnis iste cumque. Molestiae et voluptate voluptas aut. Sint enim quia accusamus atque vero non dolorem omnis.', 186, 0, 16, '2020-03-09 10:14:09', '2020-03-09 10:14:09');
INSERT INTO `products` VALUES (92, 'facere', 'Et error aspernatur ut minima ad necessitatibus corporis. At hic et debitis cupiditate ipsam enim delectus et. Est ut fugiat modi. Dolorum ut est consequatur. Blanditiis dolor qui aut natus.', 581, 6, 16, '2020-03-09 10:14:09', '2020-03-09 10:14:09');
INSERT INTO `products` VALUES (93, 'eius', 'Accusantium et consequatur quia vero et. Esse id consequatur omnis. Et praesentium quia non sit.', 180, 6, 23, '2020-03-09 10:14:09', '2020-03-09 10:14:09');
INSERT INTO `products` VALUES (94, 'aliquam', 'At et similique aut quia et qui animi. Temporibus ab distinctio aut aliquam consectetur. Iure delectus dolorum magni quia.', 278, 3, 23, '2020-03-09 10:14:09', '2020-03-09 10:14:09');
INSERT INTO `products` VALUES (95, 'adipisci', 'Modi vel maiores necessitatibus et voluptatum. Quod consequatur quia maiores non deleniti est facere. Iure et sed blanditiis et.', 740, 4, 27, '2020-03-09 10:14:09', '2020-03-09 10:14:09');
INSERT INTO `products` VALUES (96, 'et', 'Mollitia debitis hic voluptas. Nemo dolores modi esse nisi exercitationem. Nulla enim et minus consequatur facilis incidunt.', 142, 0, 24, '2020-03-09 10:14:09', '2020-03-09 10:14:09');
INSERT INTO `products` VALUES (97, 'possimus', 'Quae enim nesciunt ut dolor velit aut. Laboriosam beatae velit sit ea. Mollitia ea nihil voluptatum et dolorem autem et sed.', 100, 7, 27, '2020-03-09 10:14:09', '2020-03-09 10:14:09');
INSERT INTO `products` VALUES (98, 'sit', 'Consequuntur minima quia sed. Laudantium numquam incidunt excepturi deserunt. Enim illum voluptas alias officiis quisquam. Est dolores quaerat deleniti sed id exercitationem iusto. Sed eligendi voluptatem id incidunt.', 443, 2, 27, '2020-03-09 10:14:09', '2020-03-09 10:14:09');
INSERT INTO `products` VALUES (99, 'libero', 'Deserunt blanditiis non sint et repellendus officiis ex. Omnis enim est quas quis quia. Quas adipisci repellat sunt ullam voluptatem velit. Nam sed at consectetur deleniti quo pariatur nobis.', 321, 7, 9, '2020-03-09 10:14:09', '2020-03-09 10:14:09');
INSERT INTO `products` VALUES (100, 'autem', 'Nostrum fugit assumenda saepe voluptatem vitae non. Sapiente rerum quam vel nemo. Dolor corrupti culpa pariatur velit.', 641, 7, 3, '2020-03-09 10:14:09', '2020-03-09 10:14:09');
INSERT INTO `products` VALUES (101, 'sunt', 'Quidem enim quasi voluptatem omnis ratione consequuntur temporibus. Cupiditate ab nobis eum doloremque voluptates. Sapiente id expedita praesentium veritatis cum.', 385, 4, 16, '2020-03-09 10:15:01', '2020-03-09 10:15:01');
INSERT INTO `products` VALUES (102, 'hic', 'Veniam ut blanditiis autem repellendus neque. Non corporis suscipit veniam laboriosam. Velit illum eius omnis sunt facilis.', 357, 9, 30, '2020-03-09 10:15:01', '2020-03-09 10:15:01');
INSERT INTO `products` VALUES (103, 'ea', 'Nisi delectus facere nostrum quis neque. Quidem vero officiis aliquid. Molestias nulla doloremque aut deserunt temporibus et eligendi.', 660, 0, 26, '2020-03-09 10:15:02', '2020-03-09 10:15:02');
INSERT INTO `products` VALUES (104, 'omnis', 'Omnis aperiam eligendi et minima eos nam ratione. Qui itaque ea qui laborum sed totam repellat iste. Quia quo itaque harum aut. Neque fuga provident consequatur ipsum.', 919, 2, 29, '2020-03-09 10:15:02', '2020-03-09 10:15:02');
INSERT INTO `products` VALUES (105, 'error', 'Ratione molestiae necessitatibus qui fuga. Sit rem aut sed qui est et eum. At mollitia consequuntur consequatur.', 274, 7, 19, '2020-03-09 10:15:02', '2020-03-09 10:15:02');
INSERT INTO `products` VALUES (106, 'ea', 'Quia nulla placeat eos suscipit odio officiis voluptatem dolor. Voluptatem quidem aut perferendis temporibus libero est sit. Omnis dolorum dolorum sit corporis similique aut iusto occaecati. Minus aut ad sit et aspernatur dolores.', 618, 9, 16, '2020-03-09 10:15:02', '2020-03-09 10:15:02');
INSERT INTO `products` VALUES (107, 'omnis', 'Dolor tenetur incidunt quidem laudantium. Doloribus qui possimus unde accusamus labore ipsam. Sed delectus est laboriosam deleniti numquam.', 898, 6, 14, '2020-03-09 10:15:02', '2020-03-09 10:15:02');
INSERT INTO `products` VALUES (108, 'dolores', 'Voluptas dignissimos vero ut eveniet doloremque. Dolores fuga in et libero consectetur et illo.', 216, 0, 17, '2020-03-09 10:15:02', '2020-03-09 10:15:02');
INSERT INTO `products` VALUES (109, 'cumque', 'Ad ratione assumenda totam voluptatum. Quia sit quibusdam impedit. A neque facere nam cumque consequuntur.', 364, 7, 3, '2020-03-09 10:15:02', '2020-03-09 10:15:02');
INSERT INTO `products` VALUES (110, 'est', 'Dolorem similique distinctio est placeat iure et modi. Nulla doloremque facilis ut vel ut eum nemo.', 652, 1, 18, '2020-03-09 10:15:02', '2020-03-09 10:15:02');
INSERT INTO `products` VALUES (111, 'recusandae', 'Est laudantium labore hic qui. Commodi praesentium aperiam eos dolorum accusantium tempore iusto nobis. Ipsum fugiat ut iure praesentium. Beatae asperiores sed necessitatibus excepturi.', 163, 0, 24, '2020-03-09 10:15:02', '2020-03-09 10:15:02');
INSERT INTO `products` VALUES (112, 'optio', 'Ratione sit molestias aut laborum aut et rerum. Aut qui omnis maxime doloremque sit dolores. Voluptatum aut debitis consequatur dolor minus ut nihil fugiat. Minus asperiores perferendis accusantium autem harum.', 914, 0, 22, '2020-03-09 10:15:02', '2020-03-09 10:15:02');
INSERT INTO `products` VALUES (113, 'eaque', 'Explicabo fuga quam facilis quisquam iure quas est. Sint adipisci sed recusandae deleniti aspernatur id a aut. Nesciunt facilis est deserunt debitis placeat ullam.', 331, 3, 7, '2020-03-09 10:15:02', '2020-03-09 10:15:02');
INSERT INTO `products` VALUES (114, 'dolor', 'Fugiat et accusamus et ut occaecati. Id iusto totam dolores magni. Ut impedit laborum omnis quaerat quae.', 614, 4, 16, '2020-03-09 10:15:02', '2020-03-09 10:15:02');
INSERT INTO `products` VALUES (115, 'voluptas', 'Occaecati quisquam quia atque est perspiciatis et. Pariatur autem dolorem occaecati sed iure placeat aliquam. Molestiae ratione deleniti commodi quo sit labore.', 966, 3, 8, '2020-03-09 10:15:02', '2020-03-09 10:15:02');
INSERT INTO `products` VALUES (116, 'libero', 'Voluptatum nostrum maiores eos eligendi. Saepe numquam incidunt sed dolor ex consequatur repellat. Eaque ut in natus facilis porro omnis. Assumenda eos alias eos ipsa consequatur ab dignissimos deleniti.', 137, 4, 7, '2020-03-09 10:15:02', '2020-03-09 10:15:02');
INSERT INTO `products` VALUES (117, 'rerum', 'Et dolore eum rem vel at libero. Quis aspernatur harum quia qui.', 629, 3, 2, '2020-03-09 10:15:02', '2020-03-09 10:15:02');
INSERT INTO `products` VALUES (118, 'dolor', 'Possimus velit sunt eum dolorem. Molestiae ipsum suscipit eos rerum non expedita. Quae exercitationem sunt amet consequuntur ex repellendus minima excepturi. Dolorem blanditiis quo ut.', 574, 1, 21, '2020-03-09 10:15:02', '2020-03-09 10:15:02');
INSERT INTO `products` VALUES (119, 'sunt', 'Voluptate sit voluptas adipisci sed iure optio expedita. Numquam aut explicabo non. Aut ut sed voluptas sed omnis.', 690, 5, 22, '2020-03-09 10:15:03', '2020-03-09 10:15:03');
INSERT INTO `products` VALUES (120, 'error', 'In iste dolores et accusantium tenetur sed. Et ut recusandae non corporis esse consequatur tenetur. Excepturi debitis consequuntur suscipit ipsam similique voluptates.', 671, 2, 12, '2020-03-09 10:15:03', '2020-03-09 10:15:03');
INSERT INTO `products` VALUES (121, 'esse', 'Voluptatem fugiat et nesciunt placeat doloremque. Aut autem maxime et eos aut et id odio. Ab ducimus harum provident explicabo.', 629, 0, 5, '2020-03-09 10:15:03', '2020-03-09 10:15:03');
INSERT INTO `products` VALUES (122, 'sequi', 'Nobis vel placeat similique est cupiditate impedit voluptas. Eius et architecto aliquid.', 147, 1, 23, '2020-03-09 10:15:03', '2020-03-09 10:15:03');
INSERT INTO `products` VALUES (123, 'veniam', 'Sed quo non velit saepe a ea ducimus est. Placeat earum accusamus et perferendis aliquid asperiores totam. Animi maiores quia deleniti et.', 411, 5, 27, '2020-03-09 10:15:03', '2020-03-09 10:15:03');
INSERT INTO `products` VALUES (124, 'sed', 'Et rerum rem nostrum aut accusamus. Eum nam sit natus dignissimos suscipit eos. Illo perferendis ut vero vero aut sed. Itaque eaque porro rerum dolor aut et et ut.', 759, 7, 28, '2020-03-09 10:15:03', '2020-03-09 10:15:03');
INSERT INTO `products` VALUES (125, 'amet', 'Harum ea veritatis enim labore tenetur perferendis architecto. Quo ea excepturi iusto. Eum unde et occaecati et ullam. Dolor sint est voluptatum vel.', 890, 0, 19, '2020-03-09 10:15:03', '2020-03-09 10:15:03');
INSERT INTO `products` VALUES (126, 'eos', 'Facilis iste et magni ipsum. Omnis ea voluptates qui doloremque. Dolorem ut explicabo sunt et.', 217, 6, 24, '2020-03-09 10:15:03', '2020-03-09 10:15:03');
INSERT INTO `products` VALUES (127, 'ea', 'In voluptatum voluptas accusantium facilis pariatur. Consequatur qui iure eum minus. Ea sit non est sed inventore expedita.', 371, 6, 16, '2020-03-09 10:15:03', '2020-03-09 10:15:03');
INSERT INTO `products` VALUES (128, 'quidem', 'Expedita doloremque corrupti alias ipsum velit qui quo. Laborum blanditiis molestiae ipsa odit error nihil. Nihil ab ut suscipit nobis eveniet.', 106, 5, 15, '2020-03-09 10:15:03', '2020-03-09 10:15:03');
INSERT INTO `products` VALUES (129, 'adipisci', 'Maxime ipsum ipsa qui autem odio error sapiente. Earum quod dicta cumque quia et. Ut reiciendis dolor dolore omnis.', 386, 2, 12, '2020-03-09 10:15:03', '2020-03-09 10:15:03');
INSERT INTO `products` VALUES (130, 'in', 'Qui non sed voluptates animi. Aut architecto quis quas praesentium quo assumenda sequi. Non adipisci excepturi ullam facere molestiae. Accusantium vitae nihil repellendus dolores qui voluptatem aut magni.', 920, 8, 12, '2020-03-09 10:15:03', '2020-03-09 10:15:03');
INSERT INTO `products` VALUES (131, 'iste', 'Occaecati eius labore omnis molestiae nihil dignissimos expedita. Deleniti alias ducimus id numquam vel iste est quasi. Earum quibusdam quae sed porro.', 175, 3, 24, '2020-03-09 10:15:03', '2020-03-09 10:15:03');
INSERT INTO `products` VALUES (132, 'odio', 'Dolores libero sit iure commodi quo enim. Repudiandae iste sequi rem aliquid voluptatem. Ullam officia eveniet id explicabo at aut. Laudantium reiciendis ut tempora ut voluptatibus amet unde.', 236, 5, 21, '2020-03-09 10:15:03', '2020-03-09 10:15:03');
INSERT INTO `products` VALUES (133, 'facilis', 'Deleniti perferendis occaecati consectetur praesentium laboriosam delectus. Sunt alias omnis qui rem provident nostrum. Ab sed quis magni sed.', 402, 0, 4, '2020-03-09 10:15:03', '2020-03-09 10:15:03');
INSERT INTO `products` VALUES (134, 'non', 'Eveniet explicabo et alias eos aperiam aut exercitationem. Ex rem enim officiis harum. Aut possimus in similique assumenda fugit cum. Qui dignissimos ex ducimus sequi facilis consectetur.', 144, 3, 27, '2020-03-09 10:15:03', '2020-03-09 10:15:03');
INSERT INTO `products` VALUES (135, 'reiciendis', 'Vel voluptatem nostrum esse excepturi et. Dignissimos ut voluptatem molestiae minus.', 777, 6, 4, '2020-03-09 10:15:03', '2020-03-09 10:15:03');
INSERT INTO `products` VALUES (136, 'eaque', 'Vel facilis praesentium dolorem esse molestiae. Ullam omnis itaque ut laborum. Unde sint hic omnis. Blanditiis nobis necessitatibus libero repellat neque tempora recusandae. Ratione architecto ipsam odio atque et ipsa ut.', 614, 5, 7, '2020-03-09 10:15:03', '2020-03-09 10:15:03');
INSERT INTO `products` VALUES (137, 'et', 'Sapiente perferendis et nisi quia iste maxime minima provident. Quis quia deserunt natus aliquid enim voluptas voluptas.', 134, 3, 4, '2020-03-09 10:15:03', '2020-03-09 10:15:03');
INSERT INTO `products` VALUES (138, 'sed', 'Omnis modi dolorum qui rem ullam delectus. Ab laboriosam similique nesciunt quasi. Quibusdam fugiat aut recusandae debitis id rem.', 374, 3, 10, '2020-03-09 10:15:03', '2020-03-09 10:15:03');
INSERT INTO `products` VALUES (139, 'inventore', 'Quos molestiae ut aut saepe temporibus. Aut eaque sint voluptates eos odit. Eos impedit occaecati animi aliquam laboriosam autem. Fugiat totam consequatur et architecto suscipit dignissimos quae.', 943, 1, 12, '2020-03-09 10:15:03', '2020-03-09 10:15:03');
INSERT INTO `products` VALUES (140, 'vitae', 'Libero et velit odit sed qui sint accusantium totam. Atque ipsam facilis amet distinctio eum officia. Perferendis nobis mollitia similique dolor. Adipisci dolore sunt et et officia.', 955, 1, 2, '2020-03-09 10:15:03', '2020-03-09 10:15:03');
INSERT INTO `products` VALUES (141, 'blanditiis', 'Iure non laborum voluptatem qui quia reiciendis voluptatem. Nobis reprehenderit dolore et consequatur est temporibus maxime. Dignissimos vel pariatur omnis laboriosam voluptatem voluptatem quia.', 262, 8, 20, '2020-03-09 10:15:03', '2020-03-09 10:15:03');
INSERT INTO `products` VALUES (142, 'harum', 'Alias sequi tempora inventore ipsa deserunt quae quas. Nemo accusantium dolorem inventore consequuntur perferendis natus nihil. Quod dolore architecto et qui.', 954, 1, 23, '2020-03-09 10:15:03', '2020-03-09 10:15:03');
INSERT INTO `products` VALUES (143, 'omnis', 'Quidem recusandae quo voluptatibus fugit dolore. Sint doloribus aut ea doloremque repellendus nesciunt. Reiciendis voluptatem et et ipsa ducimus vel. Quam rem nisi ipsum eveniet qui aut dicta.', 330, 2, 3, '2020-03-09 10:15:04', '2020-03-09 10:15:04');
INSERT INTO `products` VALUES (144, 'possimus', 'Accusantium iure eligendi autem ducimus veniam. Aperiam vel nam voluptas laborum quasi voluptatem ut. Quisquam aspernatur ex autem et aut.', 241, 4, 17, '2020-03-09 10:15:04', '2020-03-09 10:15:04');
INSERT INTO `products` VALUES (145, 'est', 'Aut iste expedita quasi voluptas dignissimos et. Deserunt voluptas eum facere impedit quam unde dolor. Explicabo voluptatem sed qui alias inventore totam a. Eius voluptatem quisquam ullam sequi.', 897, 6, 5, '2020-03-09 10:15:04', '2020-03-09 10:15:04');
INSERT INTO `products` VALUES (146, 'consequatur', 'Eum non et excepturi sapiente autem distinctio corporis eos. Est earum vel ut laborum. Aspernatur exercitationem voluptas voluptas placeat. Quibusdam dolorem velit distinctio.', 115, 5, 24, '2020-03-09 10:15:04', '2020-03-09 10:15:04');
INSERT INTO `products` VALUES (147, 'sit', 'Ullam qui voluptates at ipsam et fuga. Quia repudiandae corporis consectetur aspernatur dicta rem. Hic dolores tempore rerum sunt sint molestiae. Id praesentium odit rerum ut.', 966, 0, 6, '2020-03-09 10:15:04', '2020-03-09 10:15:04');
INSERT INTO `products` VALUES (148, 'recusandae', 'Ea quia quasi magnam tempore illum eaque. Voluptas voluptatum rem ea distinctio eum est. Sed ut reiciendis magnam non quos est quo occaecati.', 632, 9, 15, '2020-03-09 10:15:04', '2020-03-09 10:15:04');
INSERT INTO `products` VALUES (149, 'blanditiis', 'Et voluptatibus aperiam dolorem voluptatem qui nihil. Voluptatem atque nostrum praesentium est natus. Omnis vitae possimus est voluptate soluta cupiditate qui. Ipsam laborum explicabo et aut qui minus assumenda et.', 304, 8, 29, '2020-03-09 10:15:04', '2020-03-09 10:15:04');
INSERT INTO `products` VALUES (150, 'dicta', 'Aspernatur quam numquam odio pariatur. Dignissimos sit eveniet quo laboriosam atque. Velit ea autem voluptatibus corrupti. Dolorum aliquam blanditiis vero ut aliquid veniam dolor.', 471, 1, 11, '2020-03-09 10:15:04', '2020-03-09 10:15:04');

-- ----------------------------
-- Table structure for reviews
-- ----------------------------
DROP TABLE IF EXISTS `reviews`;
CREATE TABLE `reviews`  (
  `id` int(10) UNSIGNED NOT NULL AUTO_INCREMENT,
  `product_id` int(10) UNSIGNED NOT NULL,
  `customer` varchar(255) CHARACTER SET utf8mb4 COLLATE utf8mb4_unicode_ci NOT NULL,
  `review` text CHARACTER SET utf8mb4 COLLATE utf8mb4_unicode_ci NOT NULL,
  `star` int(11) NOT NULL,
  `created_at` timestamp(0) NULL DEFAULT NULL,
  `updated_at` timestamp(0) NULL DEFAULT NULL,
  PRIMARY KEY (`id`) USING BTREE,
  INDEX `reviews_product_id_index`(`product_id`) USING BTREE,
  CONSTRAINT `reviews_product_id_foreign` FOREIGN KEY (`product_id`) REFERENCES `products` (`id`) ON DELETE CASCADE ON UPDATE RESTRICT
) ENGINE = InnoDB AUTO_INCREMENT = 301 CHARACTER SET = utf8mb4 COLLATE = utf8mb4_unicode_ci ROW_FORMAT = Dynamic;

-- ----------------------------
-- Records of reviews
-- ----------------------------
INSERT INTO `reviews` VALUES (1, 150, 'Trinity Bradtke', 'Porro ex ipsa dolor odio nesciunt tempora quibusdam. Possimus vel suscipit iure ut mollitia. Ut aut dolorem autem. Officiis itaque esse voluptate unde velit corporis autem.', 3, '2020-03-09 10:15:05', '2020-03-09 10:15:05');
INSERT INTO `reviews` VALUES (2, 10, 'Merl Bashirian', 'In ea iure omnis et. Veniam officiis molestias non exercitationem qui in. Ipsa alias labore est consequatur ut qui. Aut placeat totam tempora necessitatibus dolor. Veniam delectus praesentium quaerat modi.', 1, '2020-03-09 10:15:05', '2020-03-09 10:15:05');
INSERT INTO `reviews` VALUES (3, 130, 'Miss Melyssa Herzog II', 'Non ipsa voluptatum illo at. Ex ratione quidem eos. Et dignissimos aut ipsa hic amet soluta. Qui vero quia molestias magni ut.', 3, '2020-03-09 10:15:05', '2020-03-09 10:15:05');
INSERT INTO `reviews` VALUES (4, 115, 'Francesca Pouros', 'Totam repudiandae magnam sit earum omnis similique necessitatibus. Vero dolor et velit voluptatem dignissimos. Adipisci tempora rem cupiditate ex eveniet laborum alias. Et nemo velit corrupti consequatur pariatur et dolorum.', 0, '2020-03-09 10:15:05', '2020-03-09 10:15:05');
INSERT INTO `reviews` VALUES (5, 112, 'Trevion Jaskolski', 'Odio quos unde qui maiores. Fuga laboriosam reprehenderit eius at aut optio soluta in. Consequatur qui nisi omnis reprehenderit quidem accusantium natus. Qui velit voluptate quidem earum architecto iusto hic odio.', 5, '2020-03-09 10:15:05', '2020-03-09 10:15:05');
INSERT INTO `reviews` VALUES (6, 81, 'Delaney Hill', 'Maxime alias natus voluptatibus omnis accusamus fugiat. Pariatur culpa iure laboriosam. Dolorem quae vitae quia aut dolorem sed. Tempora laboriosam beatae adipisci totam eos ea. Aut cumque provident laborum.', 2, '2020-03-09 10:15:05', '2020-03-09 10:15:05');
INSERT INTO `reviews` VALUES (7, 84, 'Jacey Hill III', 'Voluptatem et voluptates adipisci delectus. Vitae accusamus magni nam qui distinctio. Consequatur molestiae aut excepturi omnis qui et.', 5, '2020-03-09 10:15:05', '2020-03-09 10:15:05');
INSERT INTO `reviews` VALUES (8, 73, 'Dr. Marilou Davis MD', 'Cumque quia qui reiciendis ut et saepe suscipit tempora. Voluptatibus quisquam aut totam optio ad.', 2, '2020-03-09 10:15:05', '2020-03-09 10:15:05');
INSERT INTO `reviews` VALUES (9, 7, 'Susan Hansen V', 'Itaque et id est iusto et. In ad eos saepe repudiandae rerum. Temporibus qui delectus ea minima molestias aspernatur vero occaecati. Non voluptas dolores quia.', 4, '2020-03-09 10:15:06', '2020-03-09 10:15:06');
INSERT INTO `reviews` VALUES (10, 137, 'Sheldon Lemke', 'Esse est incidunt animi quasi ea facere. Expedita excepturi quasi quis voluptatem molestias quo provident dolor. Quos eaque modi velit voluptas mollitia. Beatae ut corrupti dolore maxime ullam ab rem et.', 0, '2020-03-09 10:15:06', '2020-03-09 10:15:06');
INSERT INTO `reviews` VALUES (11, 119, 'Kira Harvey', 'Aut iusto reprehenderit exercitationem voluptatibus accusantium. Optio ut iure molestias voluptatem aut eum minus libero. Deserunt et quia voluptatem dolore autem eos quod. Optio minima quae pariatur ut aut eveniet fugiat.', 4, '2020-03-09 10:15:06', '2020-03-09 10:15:06');
INSERT INTO `reviews` VALUES (12, 107, 'Bertha Yundt', 'Fugit architecto qui et asperiores architecto assumenda maiores sed. Incidunt qui enim itaque ipsam inventore. Omnis eos maiores corrupti.', 3, '2020-03-09 10:15:06', '2020-03-09 10:15:06');
INSERT INTO `reviews` VALUES (13, 122, 'Jakayla Bartoletti', 'Iusto sed atque consectetur repellendus itaque. Rem nulla nihil dolore sit. Adipisci non similique ad fugiat rerum qui. Iure qui aliquid in quae eius.', 1, '2020-03-09 10:15:06', '2020-03-09 10:15:06');
INSERT INTO `reviews` VALUES (14, 86, 'Prof. Elizabeth Donnelly I', 'Commodi magnam quasi illo velit ut dolorum ullam. Dolores pariatur repudiandae inventore libero quia aperiam quod dicta. Totam possimus praesentium nemo enim iusto. Hic omnis quo tempore labore ut nobis. Maiores quis autem dolore accusantium ea temporibus velit.', 5, '2020-03-09 10:15:06', '2020-03-09 10:15:06');
INSERT INTO `reviews` VALUES (15, 12, 'Prof. Newton Dickinson', 'Vitae quidem sit voluptatem quisquam non reiciendis dolor. Quos perferendis sint nobis sit eum. Ratione at ut ab rerum accusantium inventore autem id.', 2, '2020-03-09 10:15:06', '2020-03-09 10:15:06');
INSERT INTO `reviews` VALUES (16, 64, 'Prof. Korbin Hoeger DVM', 'Ratione et et sit sit. Qui ut adipisci ipsa odit asperiores.', 4, '2020-03-09 10:15:06', '2020-03-09 10:15:06');
INSERT INTO `reviews` VALUES (17, 22, 'Nellie Hilpert', 'Totam mollitia voluptas dicta est quo sit. Ducimus dolor accusantium qui.', 4, '2020-03-09 10:15:06', '2020-03-09 10:15:06');
INSERT INTO `reviews` VALUES (18, 52, 'Sheila Frami', 'Sunt velit et exercitationem sed dolore ducimus. Numquam ad velit deserunt consequatur placeat sunt nobis. Odio impedit totam porro magnam dolor in. Cumque similique aspernatur est fugiat.', 0, '2020-03-09 10:15:06', '2020-03-09 10:15:06');
INSERT INTO `reviews` VALUES (19, 136, 'Dr. Bria Hickle MD', 'Ut sit fugiat sunt quis ipsum rerum molestiae. Eaque necessitatibus modi commodi. Porro ex sed officia eum accusamus.', 2, '2020-03-09 10:15:06', '2020-03-09 10:15:06');
INSERT INTO `reviews` VALUES (20, 32, 'Minerva Runolfsson', 'Dolores quidem repellendus est minus. Animi soluta eum quia provident totam. Qui alias quia cupiditate tempora adipisci repellat. Nostrum aut excepturi tenetur autem enim ut fugiat.', 0, '2020-03-09 10:15:06', '2020-03-09 10:15:06');
INSERT INTO `reviews` VALUES (21, 27, 'Hulda Stroman', 'Sed qui dolorem et dolores culpa vel sit est. Facere aut placeat explicabo nihil. Consequatur ullam earum accusantium iste eaque qui. Consectetur laudantium voluptatem ab aut praesentium. Aut error ut qui iste.', 3, '2020-03-09 10:15:06', '2020-03-09 10:15:06');
INSERT INTO `reviews` VALUES (22, 148, 'Lisa Purdy', 'In nihil libero est rerum sapiente. Soluta reprehenderit maxime ullam mollitia incidunt odio voluptatem. Aut aspernatur maxime eum velit ut incidunt.', 2, '2020-03-09 10:15:06', '2020-03-09 10:15:06');
INSERT INTO `reviews` VALUES (23, 91, 'Mr. Orlando Okuneva', 'Quisquam sed labore aut incidunt quod ullam. Sint tempore provident repellendus qui minima voluptatem iste. Rem accusantium aut totam aut dolor numquam et.', 3, '2020-03-09 10:15:06', '2020-03-09 10:15:06');
INSERT INTO `reviews` VALUES (24, 50, 'Dr. Myrtis Dare I', 'Reprehenderit veritatis ad veniam sunt qui. Commodi reiciendis corrupti qui dolores qui nisi eaque. Qui sit ab qui tempore ut similique omnis. Quod at aut suscipit exercitationem.', 0, '2020-03-09 10:15:06', '2020-03-09 10:15:06');
INSERT INTO `reviews` VALUES (25, 69, 'Emerald Pacocha II', 'Nostrum ad possimus et laudantium. At iure dolorum nostrum consequuntur. Voluptate eveniet vel quibusdam quo dolor eos et. Nihil nihil maxime a recusandae et et.', 2, '2020-03-09 10:15:06', '2020-03-09 10:15:06');
INSERT INTO `reviews` VALUES (26, 5, 'Dave Willms III', 'Incidunt consequatur in eos dolores nobis aspernatur. Architecto eum consequatur ipsum dignissimos omnis ex quos. Ut vitae enim quae quidem.', 4, '2020-03-09 10:15:06', '2020-03-09 10:15:06');
INSERT INTO `reviews` VALUES (27, 143, 'Monty Ryan', 'Dignissimos temporibus hic magnam eos maxime ratione iusto facere. Sunt molestiae possimus optio. Repellendus minus veniam nostrum in.', 1, '2020-03-09 10:15:06', '2020-03-09 10:15:06');
INSERT INTO `reviews` VALUES (28, 31, 'Lenny Kuhlman', 'Voluptas ab quia minima est animi quia. Qui iure illum repellat enim cupiditate aliquam nam. Fuga cum nesciunt suscipit officia illum ducimus dolorem.', 1, '2020-03-09 10:15:06', '2020-03-09 10:15:06');
INSERT INTO `reviews` VALUES (29, 47, 'Adolph Brakus Sr.', 'Quis nesciunt perferendis in quasi ea rem quam mollitia. Esse doloribus praesentium omnis ut modi. Quo beatae et iure ipsa consequatur ex. Neque id cupiditate laudantium nobis alias officiis veniam nesciunt.', 5, '2020-03-09 10:15:06', '2020-03-09 10:15:06');
INSERT INTO `reviews` VALUES (30, 22, 'Mossie Rohan', 'Doloremque ut corrupti dolorem qui. Nemo est enim quis esse vel dolore qui iste. Nesciunt alias perspiciatis sunt et optio sapiente.', 2, '2020-03-09 10:15:06', '2020-03-09 10:15:06');
INSERT INTO `reviews` VALUES (31, 86, 'Rosemarie Wehner', 'Optio sed tempore eos qui excepturi id. Quia aspernatur sunt aut sapiente rerum aliquam consequatur. Quam ut ut qui. Et id commodi dolorem repudiandae in labore sed aut.', 2, '2020-03-09 10:15:06', '2020-03-09 10:15:06');
INSERT INTO `reviews` VALUES (32, 137, 'Dr. Erna Gulgowski', 'At totam ea cumque et iste perspiciatis voluptas. Voluptatem est nobis et rerum non optio. Quaerat nulla repellendus repudiandae placeat voluptate nemo amet.', 5, '2020-03-09 10:15:07', '2020-03-09 10:15:07');
INSERT INTO `reviews` VALUES (33, 15, 'Prof. Anissa Schaefer MD', 'Sint quia rerum unde. Voluptatem deserunt dolores iste neque inventore. Nobis est rerum omnis quo est ut. Molestiae est enim facere omnis eos similique.', 2, '2020-03-09 10:15:07', '2020-03-09 10:15:07');
INSERT INTO `reviews` VALUES (34, 74, 'Martine Morar', 'Iste iusto quaerat impedit omnis ut. Sit provident perspiciatis sit sit possimus repudiandae repellendus. Ea tenetur fugit esse id error.', 2, '2020-03-09 10:15:07', '2020-03-09 10:15:07');
INSERT INTO `reviews` VALUES (35, 68, 'Glenna Beahan DVM', 'Et in qui rerum. Molestiae tenetur sint voluptatem in provident aliquid. Aut corrupti incidunt fugit similique.', 2, '2020-03-09 10:15:07', '2020-03-09 10:15:07');
INSERT INTO `reviews` VALUES (36, 73, 'Ms. Lori Bernier', 'Eum possimus harum accusamus tenetur expedita error consequuntur. Et et labore assumenda occaecati sapiente quibusdam. Cum explicabo sit harum hic.', 2, '2020-03-09 10:15:07', '2020-03-09 10:15:07');
INSERT INTO `reviews` VALUES (37, 98, 'Prof. Jasen Schaden', 'Perspiciatis ut et nulla sit libero vel. Ea et rem dolores omnis. Eveniet dolor voluptatibus et libero aut dolor. Voluptate debitis voluptatem accusantium dolor soluta quo.', 0, '2020-03-09 10:15:07', '2020-03-09 10:15:07');
INSERT INTO `reviews` VALUES (38, 37, 'Jaclyn McDermott MD', 'Sunt nobis inventore voluptatem debitis sint ut facere. Rerum consequatur dolorum quis sequi iure. Minus atque inventore animi. Unde quae autem architecto ab consequatur. Harum nisi dolorem error fugiat aut vitae rerum.', 2, '2020-03-09 10:15:07', '2020-03-09 10:15:07');
INSERT INTO `reviews` VALUES (39, 11, 'Elvis Howe', 'Veritatis sequi officia id repellendus. Aperiam repellendus exercitationem similique minima. Incidunt eveniet magnam facilis asperiores.', 2, '2020-03-09 10:15:07', '2020-03-09 10:15:07');
INSERT INTO `reviews` VALUES (40, 17, 'Beryl Johnston', 'Maxime aperiam ipsam numquam ut laudantium. Libero nemo qui fuga perferendis eos et aperiam ipsum. Est magni at voluptatem non inventore.', 1, '2020-03-09 10:15:07', '2020-03-09 10:15:07');
INSERT INTO `reviews` VALUES (41, 64, 'Litzy Stehr', 'Omnis qui sed quia quia provident error vel et. Ut qui aperiam maiores deserunt praesentium. Nulla eligendi dolor neque id placeat perspiciatis.', 4, '2020-03-09 10:15:07', '2020-03-09 10:15:07');
INSERT INTO `reviews` VALUES (42, 138, 'Brandon Marks Jr.', 'Facere ea magnam molestias earum quidem dolorum officia. Harum iste optio molestiae illo voluptatum autem. Reprehenderit labore quaerat qui.', 0, '2020-03-09 10:15:07', '2020-03-09 10:15:07');
INSERT INTO `reviews` VALUES (43, 27, 'Haven McDermott II', 'Minus ut expedita quisquam minus. Eaque id sapiente quibusdam et. At accusamus sit error quia.', 4, '2020-03-09 10:15:07', '2020-03-09 10:15:07');
INSERT INTO `reviews` VALUES (44, 138, 'Miss Lela Rice', 'Eius facilis repellat facilis sit repellendus velit. Dolorem culpa deleniti quia alias voluptatem officia. Dicta non aut excepturi odio expedita voluptatum qui.', 5, '2020-03-09 10:15:07', '2020-03-09 10:15:07');
INSERT INTO `reviews` VALUES (45, 41, 'Mr. Colby Rogahn II', 'Maxime est amet iste sint et id. Aut dolor nam necessitatibus cumque enim repellendus aut totam. Est sunt explicabo ullam dolorem ut dolores velit.', 4, '2020-03-09 10:15:07', '2020-03-09 10:15:07');
INSERT INTO `reviews` VALUES (46, 87, 'Prof. Forest Reinger', 'Possimus facere in aspernatur porro iure. Est ad in omnis. Modi quas voluptatem sint sapiente rem.', 1, '2020-03-09 10:15:07', '2020-03-09 10:15:07');
INSERT INTO `reviews` VALUES (47, 87, 'Major Terry', 'Sint vero et autem at nisi quae. Voluptas quos nobis et soluta. Dolore sed eveniet consequatur sed. Ad ipsum minus quo.', 3, '2020-03-09 10:15:07', '2020-03-09 10:15:07');
INSERT INTO `reviews` VALUES (48, 6, 'Dr. Angeline Schroeder', 'Voluptatum et enim adipisci nihil sapiente. Ut quasi natus cum culpa asperiores.', 3, '2020-03-09 10:15:07', '2020-03-09 10:15:07');
INSERT INTO `reviews` VALUES (49, 99, 'Prof. Celine Cassin III', 'Voluptatem deserunt sint asperiores. Doloribus fuga illum delectus sit reiciendis reiciendis temporibus. Quis perspiciatis eos quis id quis. Consectetur maiores itaque et amet.', 0, '2020-03-09 10:15:07', '2020-03-09 10:15:07');
INSERT INTO `reviews` VALUES (50, 82, 'Mrs. Jayda Towne', 'Dolorem molestiae hic amet tempore in. Deserunt vel voluptatum aspernatur reprehenderit veritatis esse. Dolor atque ipsam harum inventore.', 0, '2020-03-09 10:15:08', '2020-03-09 10:15:08');
INSERT INTO `reviews` VALUES (51, 108, 'Raphaelle Weimann', 'Quasi ipsam nemo tempora necessitatibus enim. Laudantium molestiae maxime ut nesciunt nostrum esse. Quia aut voluptatibus libero vel reiciendis voluptate. Minus deleniti aut fuga ut.', 1, '2020-03-09 10:15:08', '2020-03-09 10:15:08');
INSERT INTO `reviews` VALUES (52, 108, 'Ms. Leora Gutkowski I', 'Veniam nihil repellendus qui. Ex harum sit omnis.', 1, '2020-03-09 10:15:08', '2020-03-09 10:15:08');
INSERT INTO `reviews` VALUES (53, 120, 'Willie Ziemann', 'Enim eius cum ut adipisci. Corrupti labore dignissimos et totam. Tenetur qui enim molestias maiores atque cumque adipisci. At placeat optio omnis magnam praesentium.', 1, '2020-03-09 10:15:08', '2020-03-09 10:15:08');
INSERT INTO `reviews` VALUES (54, 88, 'Dr. Benton Stokes', 'Necessitatibus sint nemo placeat. Amet et et recusandae dolorum. Praesentium nesciunt cum repudiandae id reprehenderit dolorem quo. Quo voluptatem enim corrupti officia id. Nemo non rerum sit nisi id.', 5, '2020-03-09 10:15:08', '2020-03-09 10:15:08');
INSERT INTO `reviews` VALUES (55, 148, 'Boris Crooks', 'Id culpa suscipit dolorum corrupti. Vel omnis libero id itaque. Ad eius iure sequi possimus aperiam. Culpa corrupti quis et corrupti.', 2, '2020-03-09 10:15:08', '2020-03-09 10:15:08');
INSERT INTO `reviews` VALUES (56, 87, 'Prof. Verner Mante', 'Quia aut facere eum sint nisi veniam. Doloremque quod et rem iusto praesentium error corporis. Possimus enim et explicabo in. Voluptates est vel quia et aut perspiciatis.', 1, '2020-03-09 10:15:08', '2020-03-09 10:15:08');
INSERT INTO `reviews` VALUES (57, 124, 'Mr. Malachi VonRueden', 'Est sit et cupiditate aliquam. Aut et accusantium sint numquam pariatur excepturi nobis. Atque velit autem dolor asperiores est nisi optio. Officia repellat exercitationem exercitationem quia voluptas tenetur.', 0, '2020-03-09 10:15:08', '2020-03-09 10:15:08');
INSERT INTO `reviews` VALUES (58, 4, 'Terry Ebert', 'Quam quod omnis eius voluptatem delectus. Beatae ut et iste voluptatem tempore quia ut. Sapiente vel autem minus laboriosam aut hic. Quia id nam magnam quae sit.', 0, '2020-03-09 10:15:08', '2020-03-09 10:15:08');
INSERT INTO `reviews` VALUES (59, 41, 'Dr. Albert Larkin PhD', 'Enim eos mollitia rerum optio et. Rem et officiis et quis magnam delectus cupiditate dolore.', 0, '2020-03-09 10:15:08', '2020-03-09 10:15:08');
INSERT INTO `reviews` VALUES (60, 47, 'Constance Weber', 'Ut ratione tempora quia pariatur ipsum deleniti eveniet. Et vel illum vitae et. Ipsa voluptates nobis voluptas excepturi sunt quia corporis. Ipsam dignissimos et omnis non. Sint facere sit voluptatem consequatur modi accusantium.', 3, '2020-03-09 10:15:08', '2020-03-09 10:15:08');
INSERT INTO `reviews` VALUES (61, 23, 'Bettie Klocko', 'Et libero repellat veniam et laudantium optio et. Nihil dolor in distinctio ea aliquam velit. Dolorum facere unde at est illo facere.', 5, '2020-03-09 10:15:08', '2020-03-09 10:15:08');
INSERT INTO `reviews` VALUES (62, 150, 'Nicolas Gusikowski Sr.', 'Ut eos eos ut dolorem amet eius repudiandae. Ab adipisci porro explicabo fugit enim. Molestias quibusdam aliquam sit veniam dolorem aut accusamus.', 4, '2020-03-09 10:15:08', '2020-03-09 10:15:08');
INSERT INTO `reviews` VALUES (63, 126, 'Rachael Erdman', 'Non ad id sint provident. Nemo qui animi porro ea. Voluptates cupiditate illum quas ducimus. Ducimus sed ipsum atque reiciendis dolores quo sit. Id ut labore qui consectetur.', 1, '2020-03-09 10:15:08', '2020-03-09 10:15:08');
INSERT INTO `reviews` VALUES (64, 71, 'Cory Jenkins Sr.', 'Veritatis consequuntur nobis et totam ipsum a quo omnis. Vel eum ipsum et. Alias dicta qui placeat nemo culpa doloribus ipsum.', 4, '2020-03-09 10:15:08', '2020-03-09 10:15:08');
INSERT INTO `reviews` VALUES (65, 14, 'Larissa Pfannerstill', 'Laborum praesentium et qui sed eos aliquam qui. Blanditiis ducimus et exercitationem numquam non non. Dolore est vel aut sapiente. Et labore officia qui culpa.', 0, '2020-03-09 10:15:08', '2020-03-09 10:15:08');
INSERT INTO `reviews` VALUES (66, 82, 'Prof. Issac Treutel', 'Dolor qui laborum et ex laudantium et eius. Consequatur aspernatur magnam corrupti vel dolore. Debitis delectus officia quas sint qui nisi dolor. Autem officiis est qui.', 3, '2020-03-09 10:15:08', '2020-03-09 10:15:08');
INSERT INTO `reviews` VALUES (67, 68, 'Ibrahim Hyatt DVM', 'Adipisci quam at beatae dolorum autem voluptatum. Autem facilis similique et perspiciatis optio. Et distinctio est ut fugiat officiis. Voluptatem voluptates facere ut veritatis dolore qui.', 5, '2020-03-09 10:15:08', '2020-03-09 10:15:08');
INSERT INTO `reviews` VALUES (68, 37, 'Dr. Hermina Nienow DVM', 'Nobis sit esse voluptatibus. Laboriosam consequatur deleniti aut rerum recusandae harum. Et mollitia natus animi maiores. Quod magni aut cumque fuga quibusdam ad a voluptatem.', 3, '2020-03-09 10:15:08', '2020-03-09 10:15:08');
INSERT INTO `reviews` VALUES (69, 93, 'Dr. Yolanda Wisoky I', 'Sunt sequi non quae. Et officiis minus enim animi. Ut vitae et et porro aut.', 3, '2020-03-09 10:15:08', '2020-03-09 10:15:08');
INSERT INTO `reviews` VALUES (70, 51, 'Abagail Parker', 'Neque harum illo et nihil. Atque illo deleniti vel quisquam tempore ut. At possimus ipsa qui ea et necessitatibus molestiae excepturi.', 2, '2020-03-09 10:15:08', '2020-03-09 10:15:08');
INSERT INTO `reviews` VALUES (71, 53, 'Jeremie Gutmann II', 'Nostrum doloribus quis rem sunt magni. Non assumenda voluptas consequatur quas magnam omnis accusamus. Autem aliquam suscipit est. Blanditiis repellendus nisi eum numquam consectetur rerum et. Placeat voluptatibus vitae voluptas ipsa.', 5, '2020-03-09 10:15:08', '2020-03-09 10:15:08');
INSERT INTO `reviews` VALUES (72, 73, 'Dr. Hudson Yundt', 'Quasi beatae et beatae aut ut sit. Sint quia magni aut iste.', 5, '2020-03-09 10:15:08', '2020-03-09 10:15:08');
INSERT INTO `reviews` VALUES (73, 18, 'Cathryn Kerluke', 'Ratione neque neque quibusdam ut unde est odit. Aliquam in quia perspiciatis. Iure et et enim iste iste.', 1, '2020-03-09 10:15:08', '2020-03-09 10:15:08');
INSERT INTO `reviews` VALUES (74, 121, 'Giuseppe Goldner', 'Et odit sed et illum non iure. Officia voluptatem est distinctio debitis earum. Corporis ex illo voluptate animi magni reiciendis itaque id.', 2, '2020-03-09 10:15:09', '2020-03-09 10:15:09');
INSERT INTO `reviews` VALUES (75, 57, 'Otto Greenfelder', 'Voluptatem esse nam impedit rerum voluptatem repellat. Dolores omnis animi ut voluptas. Magnam maxime officiis est ex. Blanditiis qui occaecati voluptate rerum.', 3, '2020-03-09 10:15:09', '2020-03-09 10:15:09');
INSERT INTO `reviews` VALUES (76, 52, 'Miss Evelyn Pagac', 'Excepturi fugit architecto debitis cum quibusdam molestiae incidunt. Nam cum cupiditate dolorem aut quas. Aut dicta minima eaque minus ut ut ab. Placeat veniam dolor voluptas sequi aut ut corrupti.', 5, '2020-03-09 10:15:09', '2020-03-09 10:15:09');
INSERT INTO `reviews` VALUES (77, 105, 'Jeff Tremblay', 'Maxime quos facilis id cumque est. Doloremque saepe et consequuntur deleniti unde. Vel aut dolor ducimus amet.', 2, '2020-03-09 10:15:09', '2020-03-09 10:15:09');
INSERT INTO `reviews` VALUES (78, 84, 'Niko Kihn', 'Aliquam nulla alias neque veniam ducimus. Quo laborum nihil suscipit magni et. Perferendis voluptatem et excepturi dolorem commodi laboriosam. Molestiae modi rerum alias qui vel doloremque.', 3, '2020-03-09 10:15:09', '2020-03-09 10:15:09');
INSERT INTO `reviews` VALUES (79, 14, 'Prof. Andy Wiegand', 'In praesentium sint aut incidunt. Deleniti est dignissimos cum. Illum non est praesentium quia velit velit debitis minima.', 3, '2020-03-09 10:15:09', '2020-03-09 10:15:09');
INSERT INTO `reviews` VALUES (80, 5, 'Russ Mann', 'Itaque neque tenetur temporibus quam. Dolor nihil accusamus impedit ducimus consectetur est. Autem eius animi molestiae assumenda est excepturi ducimus.', 3, '2020-03-09 10:15:09', '2020-03-09 10:15:09');
INSERT INTO `reviews` VALUES (81, 9, 'Westley Halvorson', 'Quaerat laudantium est officiis sed enim voluptatem sed. Numquam et suscipit sunt iste illo. Recusandae laboriosam impedit qui eius. Rem dolore eum est voluptates. Optio velit itaque consectetur dignissimos.', 3, '2020-03-09 10:15:09', '2020-03-09 10:15:09');
INSERT INTO `reviews` VALUES (82, 19, 'Jace Wolff', 'Quia tenetur recusandae aut est veniam dolor id. Quia dolorem fugit dicta neque accusamus odio. Ipsa quia magnam ut. Libero ipsam error dolorem aut.', 1, '2020-03-09 10:15:09', '2020-03-09 10:15:09');
INSERT INTO `reviews` VALUES (83, 137, 'Dr. Brando Heathcote DDS', 'Iure soluta et et tempora voluptatem. Consequatur consectetur ipsa dolor voluptas facilis dolorem.', 1, '2020-03-09 10:15:09', '2020-03-09 10:15:09');
INSERT INTO `reviews` VALUES (84, 64, 'Mac Schaden', 'Debitis autem qui ut. Beatae dolor et et aspernatur. Iure vitae consequatur debitis quo. Et cumque eligendi aut iure.', 0, '2020-03-09 10:15:09', '2020-03-09 10:15:09');
INSERT INTO `reviews` VALUES (85, 107, 'Claudie Gutmann', 'Incidunt debitis reprehenderit sed delectus aut eum doloremque. Aspernatur autem magnam necessitatibus accusamus recusandae ea consequatur optio. Provident eum ea et sunt cumque corporis rerum. Cupiditate cum aperiam dolorem.', 0, '2020-03-09 10:15:09', '2020-03-09 10:15:09');
INSERT INTO `reviews` VALUES (86, 149, 'Ava Zieme', 'Id saepe error vel ea vel placeat rem optio. Necessitatibus accusamus mollitia sequi unde enim. Dignissimos atque dolorum corporis.', 1, '2020-03-09 10:15:09', '2020-03-09 10:15:09');
INSERT INTO `reviews` VALUES (87, 7, 'Fredy Pagac', 'Incidunt qui quo iste corporis et dicta et. Provident assumenda in fuga ex sed vero dolorum. Aspernatur alias molestiae esse vel qui eum quas. Natus id odit pariatur quia odio est ipsum.', 1, '2020-03-09 10:15:09', '2020-03-09 10:15:09');
INSERT INTO `reviews` VALUES (88, 47, 'Davion Satterfield', 'Nobis ea suscipit quisquam quis. Possimus minima et et aut vero natus. Sed maxime doloribus non odio repellendus.', 4, '2020-03-09 10:15:09', '2020-03-09 10:15:09');
INSERT INTO `reviews` VALUES (89, 23, 'Maudie Miller', 'Dolor pariatur ut suscipit animi nostrum voluptatem animi. Perferendis exercitationem quis voluptas aperiam distinctio. Qui et ipsam et itaque dolorem.', 4, '2020-03-09 10:15:09', '2020-03-09 10:15:09');
INSERT INTO `reviews` VALUES (90, 36, 'Dr. Tristian King', 'Optio perspiciatis quia et odio et ea ab. Laborum non ut mollitia quisquam veniam quia dolorem. Ad quidem aspernatur quisquam id deserunt corrupti non.', 4, '2020-03-09 10:15:09', '2020-03-09 10:15:09');
INSERT INTO `reviews` VALUES (91, 33, 'Arianna Pollich', 'Aut cupiditate laudantium est sed. Suscipit dolore commodi quia sed unde qui. Ut error impedit fugiat enim. Sint occaecati reiciendis numquam quia.', 1, '2020-03-09 10:15:09', '2020-03-09 10:15:09');
INSERT INTO `reviews` VALUES (92, 120, 'Prof. Theron Turner', 'Libero laboriosam qui natus nesciunt eligendi ut. Sit minima explicabo eum aut explicabo aut. Sed vero sint minus rem quia et. Voluptates magnam aliquam est sed aliquid delectus et. Nulla consequatur sint et eos omnis totam et a.', 3, '2020-03-09 10:15:09', '2020-03-09 10:15:09');
INSERT INTO `reviews` VALUES (93, 3, 'Manuel Kuphal', 'Unde est vel aut. Qui at ut odio ducimus magnam sunt.', 5, '2020-03-09 10:15:09', '2020-03-09 10:15:09');
INSERT INTO `reviews` VALUES (94, 29, 'Anika Kovacek', 'Ullam suscipit magnam beatae quia hic quaerat occaecati. Voluptatem ab quod aut rerum quo voluptatum necessitatibus. Quibusdam quia unde ut est ex rem.', 5, '2020-03-09 10:15:10', '2020-03-09 10:15:10');
INSERT INTO `reviews` VALUES (95, 82, 'Kristy Berge', 'Perferendis eum blanditiis accusamus quo voluptas. Beatae laudantium id ut beatae atque reiciendis ipsam. Voluptates aliquam est labore sed assumenda totam. Quia fugiat id rerum et qui ab.', 3, '2020-03-09 10:15:10', '2020-03-09 10:15:10');
INSERT INTO `reviews` VALUES (96, 45, 'Dr. Rod Dickens', 'Consectetur sit labore voluptatem debitis et hic quos. Eos voluptatem qui ratione quia sequi alias. Ipsam nostrum cumque ex est possimus. Autem architecto esse labore in.', 4, '2020-03-09 10:15:10', '2020-03-09 10:15:10');
INSERT INTO `reviews` VALUES (97, 6, 'Wilbert VonRueden', 'Dolores qui dolorem distinctio et exercitationem rem dolore. Voluptas debitis architecto nulla corporis eum harum. Nemo nobis id eum adipisci et. Totam vel at dicta vero.', 3, '2020-03-09 10:15:10', '2020-03-09 10:15:10');
INSERT INTO `reviews` VALUES (98, 15, 'Dr. Grady Dooley', 'Corrupti molestias sit et dolor consequuntur. Nemo quia ipsum veniam excepturi qui nulla. Facere consequatur consequatur nemo quaerat quos.', 5, '2020-03-09 10:15:10', '2020-03-09 10:15:10');
INSERT INTO `reviews` VALUES (99, 127, 'Sharon Tremblay PhD', 'Dolor unde at est et eos eaque voluptatem. Deserunt et est aperiam nam veniam sit voluptatum doloribus. Dolor non labore iusto. Sapiente illo quo necessitatibus.', 1, '2020-03-09 10:15:10', '2020-03-09 10:15:10');
INSERT INTO `reviews` VALUES (100, 20, 'Hilario Jacobi', 'Molestiae et quis possimus magnam quo numquam. Beatae omnis consequuntur aut sapiente a rerum. Aut et enim aut deserunt. Voluptatem modi et distinctio ipsa.', 1, '2020-03-09 10:15:10', '2020-03-09 10:15:10');
INSERT INTO `reviews` VALUES (101, 145, 'Gabriella Sipes', 'Possimus voluptas fuga nemo. Sit consequuntur quam nihil consequuntur recusandae repellendus facere. Qui unde est expedita vel iusto nam velit. Pariatur inventore occaecati repellendus deserunt. Vero illum quo est sequi.', 5, '2020-03-09 10:15:10', '2020-03-09 10:15:10');
INSERT INTO `reviews` VALUES (102, 129, 'Evert Hamill', 'Quibusdam incidunt laborum molestiae est repellendus. Laboriosam cumque aut aut provident praesentium. Quos iure qui reprehenderit voluptas voluptatum. Dignissimos optio adipisci dolores accusamus dicta architecto.', 5, '2020-03-09 10:15:10', '2020-03-09 10:15:10');
INSERT INTO `reviews` VALUES (103, 104, 'Ibrahim Bradtke MD', 'Nisi eos voluptas dolorem consequatur dolor. Autem temporibus quibusdam asperiores alias fugit ab. Autem cupiditate magni voluptatem quo. Vitae tempore veniam sint debitis. Et sit doloremque consectetur nostrum cum.', 3, '2020-03-09 10:15:10', '2020-03-09 10:15:10');
INSERT INTO `reviews` VALUES (104, 120, 'Vance Bechtelar', 'Architecto molestiae porro hic repellendus. Totam suscipit expedita aperiam officia aliquam. Esse sapiente ducimus nulla amet.', 3, '2020-03-09 10:15:10', '2020-03-09 10:15:10');
INSERT INTO `reviews` VALUES (105, 4, 'Blanca Mitchell', 'Voluptatem voluptate molestias atque fugit. Vel voluptate dolor consequatur quidem est rem. Excepturi quia perspiciatis dicta facere quaerat. Ut qui in ipsum nesciunt sed unde velit.', 0, '2020-03-09 10:15:10', '2020-03-09 10:15:10');
INSERT INTO `reviews` VALUES (106, 21, 'Rosalee Parker', 'Sequi nostrum unde quaerat qui vel similique autem. Ut dicta enim placeat sint et non. Vel rerum atque quia. Nihil minima illum fugit dolorem odit eveniet nesciunt quasi.', 0, '2020-03-09 10:15:10', '2020-03-09 10:15:10');
INSERT INTO `reviews` VALUES (107, 108, 'Leonie Aufderhar', 'Magni quas quia fugiat veritatis eum. Ut sit ipsam voluptatem ut inventore ab. Maxime quia labore amet sit libero.', 4, '2020-03-09 10:15:10', '2020-03-09 10:15:10');
INSERT INTO `reviews` VALUES (108, 32, 'Laurianne Kuvalis', 'Reiciendis ipsum rerum sequi quibusdam neque corrupti. Et molestias amet sed sed.', 2, '2020-03-09 10:15:10', '2020-03-09 10:15:10');
INSERT INTO `reviews` VALUES (109, 79, 'Allie Bahringer', 'Molestias nulla ab ratione consequuntur. Iure voluptatum totam itaque vero temporibus rem id. Dolores odio error laudantium odit ipsum.', 3, '2020-03-09 10:15:10', '2020-03-09 10:15:10');
INSERT INTO `reviews` VALUES (110, 10, 'Giles Kutch Jr.', 'Et facilis nesciunt libero voluptatem magni. Expedita consequatur accusantium modi vitae qui voluptas. Labore ut necessitatibus ipsum est sed aut recusandae.', 3, '2020-03-09 10:15:10', '2020-03-09 10:15:10');
INSERT INTO `reviews` VALUES (111, 28, 'Prof. Judah Bogan', 'Est sequi sed in distinctio. Dolores qui quia nisi et. Culpa et sit neque non et ea. Eos delectus in enim quis sit.', 5, '2020-03-09 10:15:10', '2020-03-09 10:15:10');
INSERT INTO `reviews` VALUES (112, 50, 'Emilie Nitzsche', 'Dolores eaque molestiae consequatur eos ut. Id hic nesciunt eum incidunt possimus. Sapiente culpa aut perferendis dolorem.', 5, '2020-03-09 10:15:10', '2020-03-09 10:15:10');
INSERT INTO `reviews` VALUES (113, 142, 'Sophia Gleason', 'Ipsum praesentium sit et qui asperiores autem enim. Cupiditate dolores debitis dolor deleniti. Ab aut mollitia culpa fugit quod aliquam itaque. Sed vel magnam impedit expedita accusamus cupiditate accusantium.', 4, '2020-03-09 10:15:10', '2020-03-09 10:15:10');
INSERT INTO `reviews` VALUES (114, 150, 'Jeremie Vandervort', 'Aut atque odit minima id veritatis ipsum repellendus. Quo ullam reprehenderit et id aut est. Consequatur at est qui dolor. Minima dolorem corrupti dolore voluptatum est suscipit quis.', 5, '2020-03-09 10:15:10', '2020-03-09 10:15:10');
INSERT INTO `reviews` VALUES (115, 85, 'Dr. Gayle Baumbach MD', 'Tenetur quaerat culpa quisquam occaecati aut. Repellat cum ut nobis non et in debitis. Corrupti quidem ullam aut ut maxime aut. Similique magni ut exercitationem eos consequatur voluptatibus.', 5, '2020-03-09 10:15:10', '2020-03-09 10:15:10');
INSERT INTO `reviews` VALUES (116, 26, 'August Balistreri', 'Dolor repellat incidunt hic molestiae. Eius reprehenderit dolor voluptatem illo earum qui tempora eos.', 5, '2020-03-09 10:15:11', '2020-03-09 10:15:11');
INSERT INTO `reviews` VALUES (117, 71, 'Prof. Pete Schaden I', 'Dicta consequatur beatae facere iusto ullam aut corrupti. Iusto ut provident minus dolorem officiis explicabo ab. Sit blanditiis quibusdam voluptas dolor consequuntur fuga. Voluptate voluptatem facere voluptatibus cupiditate velit ab.', 4, '2020-03-09 10:15:11', '2020-03-09 10:15:11');
INSERT INTO `reviews` VALUES (118, 96, 'Dulce Deckow', 'Velit dolorem fugiat nostrum quaerat quo ducimus amet est. Et rerum et aperiam ut modi cum. A porro asperiores qui commodi nobis corporis eligendi.', 5, '2020-03-09 10:15:11', '2020-03-09 10:15:11');
INSERT INTO `reviews` VALUES (119, 50, 'Ines Nitzsche', 'Id aut dolorem qui sequi ad suscipit quia magnam. Quas ipsam nemo id rerum rerum. Quam nemo quam accusantium enim. Explicabo odio unde enim est ut minima quibusdam.', 3, '2020-03-09 10:15:11', '2020-03-09 10:15:11');
INSERT INTO `reviews` VALUES (120, 73, 'Nathaniel Okuneva', 'Eum ea voluptates deleniti quod. Nesciunt et assumenda unde modi. Rerum vitae error fugiat ad consequatur. Ratione cupiditate et architecto ad voluptatibus unde.', 5, '2020-03-09 10:15:11', '2020-03-09 10:15:11');
INSERT INTO `reviews` VALUES (121, 141, 'Verna Quitzon III', 'Nihil officia quo aperiam mollitia maiores libero qui placeat. Eos cumque qui minima quia voluptas ut. Inventore necessitatibus eveniet aut facere.', 4, '2020-03-09 10:15:11', '2020-03-09 10:15:11');
INSERT INTO `reviews` VALUES (122, 106, 'Prof. Ibrahim Nicolas DVM', 'Accusantium accusamus culpa nam ea quam ipsa. Eius harum quam aspernatur voluptate dolorum animi. Autem quis architecto doloremque vero vero. Debitis assumenda quibusdam molestiae.', 3, '2020-03-09 10:15:11', '2020-03-09 10:15:11');
INSERT INTO `reviews` VALUES (123, 116, 'Carmela Kozey IV', 'Itaque assumenda perferendis excepturi recusandae. Debitis assumenda repellat et ipsum eius temporibus culpa laborum. Ex eaque et repellendus facilis maiores odit quos. Perferendis sit odio asperiores officiis pariatur. Quo neque quas ut.', 3, '2020-03-09 10:15:11', '2020-03-09 10:15:11');
INSERT INTO `reviews` VALUES (124, 115, 'Mr. Santino Brekke', 'Consequatur illum omnis neque aliquid animi tempore. Recusandae distinctio ut quisquam aut autem ut.', 1, '2020-03-09 10:15:11', '2020-03-09 10:15:11');
INSERT INTO `reviews` VALUES (125, 78, 'Mr. Marty Labadie Jr.', 'Voluptas aut laudantium totam repellat. Cum recusandae ipsam sunt aliquam. Molestiae sed voluptatem nisi quasi. Asperiores maxime rerum saepe assumenda. Omnis est soluta nulla quis illum dolores non reiciendis.', 4, '2020-03-09 10:15:11', '2020-03-09 10:15:11');
INSERT INTO `reviews` VALUES (126, 82, 'Dr. Jaren Cummerata', 'Ab nesciunt pariatur dolore occaecati sit aut. Qui saepe numquam temporibus voluptas. Voluptatem possimus mollitia provident facere magnam blanditiis.', 1, '2020-03-09 10:15:11', '2020-03-09 10:15:11');
INSERT INTO `reviews` VALUES (127, 6, 'Era Lynch', 'Aut ipsa magni id necessitatibus magnam autem. Quod ipsam error saepe fugiat ratione optio voluptatem. Voluptatem libero sequi beatae et atque ratione minima. Tempora maiores laborum dolor veniam.', 0, '2020-03-09 10:15:11', '2020-03-09 10:15:11');
INSERT INTO `reviews` VALUES (128, 98, 'Mr. Wallace Nikolaus MD', 'Unde doloribus quisquam voluptatem labore modi nihil. Adipisci laboriosam at ut aut repellat velit error. Ipsa minus quia tempora illum eius totam et magni.', 0, '2020-03-09 10:15:11', '2020-03-09 10:15:11');
INSERT INTO `reviews` VALUES (129, 16, 'Mr. Jules Hettinger', 'Laudantium et molestias et blanditiis corporis rem delectus. Adipisci vel sequi veritatis. Commodi ut sunt amet ab esse impedit. Ipsam doloremque et velit saepe aut laborum voluptates quis.', 0, '2020-03-09 10:15:11', '2020-03-09 10:15:11');
INSERT INTO `reviews` VALUES (130, 70, 'Consuelo Grant', 'Rerum quo neque officiis est dolorem. Odio alias animi repellendus. Pariatur a est possimus et quasi. Cupiditate quasi incidunt eligendi odio maxime.', 3, '2020-03-09 10:15:11', '2020-03-09 10:15:11');
INSERT INTO `reviews` VALUES (131, 38, 'Mrs. Leilani Sauer III', 'Repellat dolor amet molestiae et non qui. Quia neque aut odit. Magni qui odit et et alias.', 4, '2020-03-09 10:15:11', '2020-03-09 10:15:11');
INSERT INTO `reviews` VALUES (132, 12, 'Skylar Kunde', 'Soluta voluptatem qui quibusdam alias dolor corporis. Fuga repellat autem possimus dolor quisquam fuga enim. Est dolores nesciunt architecto hic dolore. Nulla labore vero quia.', 5, '2020-03-09 10:15:11', '2020-03-09 10:15:11');
INSERT INTO `reviews` VALUES (133, 68, 'Beverly Pagac', 'Officiis debitis rerum dolores odio. Quibusdam praesentium quos voluptas dolor nostrum consequatur. Officia qui quidem nihil. Commodi et quaerat natus temporibus laborum.', 3, '2020-03-09 10:15:11', '2020-03-09 10:15:11');
INSERT INTO `reviews` VALUES (134, 25, 'Tommie Leannon', 'Voluptate ipsa ut ducimus soluta excepturi est. Commodi ipsam veritatis expedita non velit eum. Eum dolore delectus enim rem. Maxime quia laudantium repellendus labore error est.', 2, '2020-03-09 10:15:11', '2020-03-09 10:15:11');
INSERT INTO `reviews` VALUES (135, 45, 'Quentin Cassin', 'Eum qui voluptas dolorum laudantium tempore alias. Et pariatur ut dolorum voluptates vel itaque et. Qui quis non veritatis eius pariatur ut.', 4, '2020-03-09 10:15:11', '2020-03-09 10:15:11');
INSERT INTO `reviews` VALUES (136, 77, 'Mr. Russel Gorczany', 'Ipsum mollitia voluptates similique aliquid corporis. Id corporis suscipit a. Iusto molestiae quia alias ut et dolorum sunt.', 4, '2020-03-09 10:15:11', '2020-03-09 10:15:11');
INSERT INTO `reviews` VALUES (137, 127, 'Yasmine Schneider DDS', 'Dolor consequatur dolorem quidem qui. Quia facere et excepturi. Sapiente nostrum qui id deserunt voluptas.', 3, '2020-03-09 10:15:12', '2020-03-09 10:15:12');
INSERT INTO `reviews` VALUES (138, 97, 'Estevan Bosco', 'Occaecati ut et commodi ut fugit. Excepturi atque rerum et sapiente illo. Eaque nesciunt iste eum amet.', 0, '2020-03-09 10:15:12', '2020-03-09 10:15:12');
INSERT INTO `reviews` VALUES (139, 91, 'Mr. Damien Mann', 'Nulla dignissimos doloremque et vel. Magnam quas voluptas debitis. Odit quia et ut nulla qui aspernatur.', 1, '2020-03-09 10:15:12', '2020-03-09 10:15:12');
INSERT INTO `reviews` VALUES (140, 81, 'Mr. Benny Turner', 'Repellendus molestiae praesentium pariatur et. Architecto ut qui tempore consequatur qui excepturi. Consequatur dignissimos pariatur nihil ut repudiandae ab. Qui aut modi nihil similique aperiam nemo. Incidunt sunt qui saepe iste sint et.', 3, '2020-03-09 10:15:12', '2020-03-09 10:15:12');
INSERT INTO `reviews` VALUES (141, 93, 'Mr. Harvey Upton Jr.', 'Ut est totam quasi qui aut magni consectetur. Voluptatem natus magnam qui quas et distinctio sed. Sit et aliquam sed quas placeat molestias.', 2, '2020-03-09 10:15:12', '2020-03-09 10:15:12');
INSERT INTO `reviews` VALUES (142, 37, 'Ms. Velma Bode', 'Quo ullam eveniet ut officiis. Dicta commodi similique natus odit libero mollitia temporibus magnam. Eaque libero velit rerum est. Eaque dolorem officiis vero dicta et dolor.', 3, '2020-03-09 10:15:12', '2020-03-09 10:15:12');
INSERT INTO `reviews` VALUES (143, 39, 'Stevie Lesch', 'Autem qui maxime nisi tempora velit. Beatae est suscipit sit ad occaecati. Ullam cupiditate iste vitae quaerat est autem qui.', 4, '2020-03-09 10:15:12', '2020-03-09 10:15:12');
INSERT INTO `reviews` VALUES (144, 22, 'Prof. Myriam Shanahan', 'Ab qui a quidem aut qui quia rerum. Distinctio officia molestias quia temporibus est. Enim impedit aspernatur modi aperiam sed iste nobis. Vel dolor deleniti id non delectus nesciunt aut.', 2, '2020-03-09 10:15:12', '2020-03-09 10:15:12');
INSERT INTO `reviews` VALUES (145, 133, 'Beaulah Leuschke', 'Fugit error laudantium reprehenderit cum aut doloremque. Eius fuga ea voluptatem eum non consequatur.', 3, '2020-03-09 10:15:12', '2020-03-09 10:15:12');
INSERT INTO `reviews` VALUES (146, 63, 'Adrienne Lowe', 'Autem id atque aspernatur ea. Eum ut temporibus eos non. Aut aspernatur ut asperiores necessitatibus ullam in dolore sed. Fugit ea enim commodi.', 3, '2020-03-09 10:15:12', '2020-03-09 10:15:12');
INSERT INTO `reviews` VALUES (147, 107, 'Angie Jakubowski', 'Reprehenderit dignissimos facere molestiae a est. Error aut ratione mollitia vitae autem. Quod est molestiae unde et aut. Unde et ad voluptatum dolor est.', 2, '2020-03-09 10:15:12', '2020-03-09 10:15:12');
INSERT INTO `reviews` VALUES (148, 38, 'Dr. Darrick Rohan PhD', 'Dolore et repudiandae quae iusto rerum. Non qui sapiente tempore. Aut blanditiis qui consequatur.', 5, '2020-03-09 10:15:12', '2020-03-09 10:15:12');
INSERT INTO `reviews` VALUES (149, 62, 'Caleb Rice', 'Voluptas voluptatem necessitatibus at qui. Aut blanditiis vitae nobis cumque cum. Doloremque sequi totam libero possimus non perferendis laboriosam libero.', 0, '2020-03-09 10:15:12', '2020-03-09 10:15:12');
INSERT INTO `reviews` VALUES (150, 70, 'Alexander Okuneva', 'Et necessitatibus est dolore quod possimus recusandae officia. Impedit consequatur consequatur ea debitis ab sed. Voluptas molestiae quia itaque a qui.', 5, '2020-03-09 10:15:12', '2020-03-09 10:15:12');
INSERT INTO `reviews` VALUES (151, 59, 'Rick Ortiz', 'Tempore occaecati excepturi nesciunt culpa aliquid blanditiis rerum. Deleniti impedit illum ipsum velit incidunt. Et non hic delectus et animi est soluta. Consectetur tenetur sed eveniet.', 3, '2020-03-09 10:15:12', '2020-03-09 10:15:12');
INSERT INTO `reviews` VALUES (152, 121, 'June Zemlak', 'Animi earum omnis quo doloremque rerum aut. Vitae odit consectetur ratione doloremque earum voluptatem sit. Beatae ea qui odit aliquam. Ratione occaecati molestiae distinctio.', 1, '2020-03-09 10:15:12', '2020-03-09 10:15:12');
INSERT INTO `reviews` VALUES (153, 124, 'Tania Powlowski', 'Praesentium voluptas ut sint eum blanditiis sed veritatis. Omnis reiciendis ut eos ipsam sed. Repellat id consequatur ipsam. Et quibusdam sunt in vel vero optio pariatur quas.', 3, '2020-03-09 10:15:12', '2020-03-09 10:15:12');
INSERT INTO `reviews` VALUES (154, 63, 'Lola White', 'Aut officiis dolore quaerat saepe. Illo impedit ut quo eius aut. Architecto eaque nulla voluptatum dolor. Ipsa assumenda facere quae consequatur beatae molestiae.', 0, '2020-03-09 10:15:12', '2020-03-09 10:15:12');
INSERT INTO `reviews` VALUES (155, 67, 'Prof. Elwyn Lemke', 'Maiores id et et cum. Ad consequuntur veritatis est eum quas enim velit. Officia unde accusantium aliquam tempore iure aut. Id voluptatem exercitationem et totam.', 5, '2020-03-09 10:15:12', '2020-03-09 10:15:12');
INSERT INTO `reviews` VALUES (156, 83, 'Vergie Rowe', 'Quia esse et sit est assumenda. Quis doloribus dolorem nihil qui sint consequatur. Et architecto suscipit velit. Saepe ducimus omnis quisquam in sint.', 5, '2020-03-09 10:15:12', '2020-03-09 10:15:12');
INSERT INTO `reviews` VALUES (157, 72, 'Belle Kshlerin', 'Quia explicabo nobis dignissimos qui. Accusantium ut id sed non ad quia. Impedit veritatis quidem accusantium id voluptate. Dolor consequatur maxime a non accusamus id voluptates.', 2, '2020-03-09 10:15:12', '2020-03-09 10:15:12');
INSERT INTO `reviews` VALUES (158, 95, 'Madaline Feil', 'Pariatur nisi et repellat maxime doloremque corrupti explicabo. Quia aliquid quos omnis. Dolores ipsam sed ut eos omnis iusto. Quasi occaecati minima quas eaque.', 0, '2020-03-09 10:15:12', '2020-03-09 10:15:12');
INSERT INTO `reviews` VALUES (159, 30, 'Cleta Wolf', 'Vel in similique et dolorum quo dolore. Voluptas voluptatem eum enim nulla. Odio impedit rem suscipit repellat hic.', 3, '2020-03-09 10:15:13', '2020-03-09 10:15:13');
INSERT INTO `reviews` VALUES (160, 81, 'Prof. Jaylan Dickinson', 'Provident corrupti voluptas qui fuga. Illo consequuntur sit amet quo a. Illum amet est explicabo. Doloremque quos qui voluptas officiis rerum quia. Neque molestiae nihil est molestiae quas rerum.', 2, '2020-03-09 10:15:13', '2020-03-09 10:15:13');
INSERT INTO `reviews` VALUES (161, 76, 'Vern Shanahan', 'Ipsa et modi omnis repudiandae et. Explicabo pariatur rerum est veritatis. Quidem dignissimos eligendi eum deleniti dolor. Hic ipsam quas magni ut amet eum sunt architecto.', 4, '2020-03-09 10:15:13', '2020-03-09 10:15:13');
INSERT INTO `reviews` VALUES (162, 135, 'Prof. Nickolas Erdman Jr.', 'Eaque molestiae ratione ullam et nobis aut. Repudiandae ea fugit dolore distinctio natus et. Omnis facere beatae soluta qui voluptas minima delectus optio.', 0, '2020-03-09 10:15:13', '2020-03-09 10:15:13');
INSERT INTO `reviews` VALUES (163, 71, 'Prof. Gaston Sawayn DDS', 'Recusandae dolorem molestiae excepturi aut sunt debitis quaerat. Porro molestiae officiis quidem incidunt voluptas. Architecto odio veritatis natus autem.', 0, '2020-03-09 10:15:13', '2020-03-09 10:15:13');
INSERT INTO `reviews` VALUES (164, 149, 'Ms. Kaci Kohler V', 'Sequi temporibus cumque minima voluptas repellendus. Cum consectetur dolor placeat qui. Ipsa maiores rerum atque perspiciatis quis dicta error vel.', 4, '2020-03-09 10:15:13', '2020-03-09 10:15:13');
INSERT INTO `reviews` VALUES (165, 114, 'Brian Sanford PhD', 'Omnis commodi eum doloremque aut. Delectus quis itaque veniam. Reprehenderit ex quis fugiat exercitationem veniam commodi.', 3, '2020-03-09 10:15:13', '2020-03-09 10:15:13');
INSERT INTO `reviews` VALUES (166, 26, 'Adela Dibbert', 'Alias id dolorem ipsum at eos provident ex. Voluptas placeat error in optio. Amet qui excepturi natus eaque perferendis. Amet omnis vel quae cum sit omnis. Saepe et dolore eius dolores.', 3, '2020-03-09 10:15:13', '2020-03-09 10:15:13');
INSERT INTO `reviews` VALUES (167, 145, 'Dr. Rosalyn Altenwerth Sr.', 'Eos odio sit praesentium excepturi. Cumque neque enim et voluptatem asperiores harum.', 2, '2020-03-09 10:15:13', '2020-03-09 10:15:13');
INSERT INTO `reviews` VALUES (168, 100, 'Tomas Kilback', 'Nihil accusamus nobis sit debitis. Et optio placeat esse. Porro minus illum pariatur cumque excepturi ut maxime. Eum fuga non non et ducimus saepe consequuntur.', 1, '2020-03-09 10:15:13', '2020-03-09 10:15:13');
INSERT INTO `reviews` VALUES (169, 28, 'Julius Prohaska', 'Consectetur ut molestiae et ad unde. Quisquam nemo praesentium quam assumenda.', 0, '2020-03-09 10:15:13', '2020-03-09 10:15:13');
INSERT INTO `reviews` VALUES (170, 54, 'Tianna Hand', 'Animi pariatur et recusandae. Quo perspiciatis laudantium ratione qui. Autem possimus placeat voluptates ratione. Voluptatibus non facilis aperiam ut.', 4, '2020-03-09 10:15:13', '2020-03-09 10:15:13');
INSERT INTO `reviews` VALUES (171, 44, 'Kelsie Price', 'Minima beatae dolores possimus quia. Asperiores voluptas est odio esse ad qui explicabo. Suscipit dolores placeat quia magnam. Quam dolor et rem hic.', 2, '2020-03-09 10:15:13', '2020-03-09 10:15:13');
INSERT INTO `reviews` VALUES (172, 51, 'Neoma Kozey', 'Id blanditiis eum quidem perferendis commodi. Quibusdam quis debitis pariatur et fugiat rerum quia. Voluptatem facere dolorum quibusdam libero. Deleniti non quos et temporibus.', 1, '2020-03-09 10:15:13', '2020-03-09 10:15:13');
INSERT INTO `reviews` VALUES (173, 142, 'Easton Leffler', 'Itaque beatae qui asperiores cupiditate vitae provident excepturi. Sunt maiores sed odio dignissimos repudiandae. Fuga soluta nam sed facilis.', 4, '2020-03-09 10:15:13', '2020-03-09 10:15:13');
INSERT INTO `reviews` VALUES (174, 54, 'Deonte Wintheiser', 'Temporibus qui mollitia neque ipsum dolor. Rerum et perspiciatis quia nihil perspiciatis qui. Suscipit autem ut omnis. Est blanditiis omnis omnis mollitia sed sit iste aliquam.', 4, '2020-03-09 10:15:13', '2020-03-09 10:15:13');
INSERT INTO `reviews` VALUES (175, 129, 'Miss Corrine Douglas', 'Nesciunt aut placeat ipsa qui nesciunt et. Recusandae aut maxime aut itaque harum fuga reiciendis. Delectus iste voluptatem accusamus tempore. Tempore quibusdam dicta facilis autem id ut error.', 2, '2020-03-09 10:15:13', '2020-03-09 10:15:13');
INSERT INTO `reviews` VALUES (176, 69, 'Dr. Osborne McCullough', 'Dolor non quo est odit incidunt sed quae. Inventore iusto sunt omnis nam saepe dignissimos non qui. Eius cupiditate cumque quasi dicta.', 2, '2020-03-09 10:15:13', '2020-03-09 10:15:13');
INSERT INTO `reviews` VALUES (177, 23, 'Nelda Kautzer', 'Qui perferendis sed voluptatem dolorum est. Sed rerum autem mollitia praesentium. Inventore assumenda quia et. Cumque est voluptates iste tenetur consequatur expedita molestias.', 4, '2020-03-09 10:15:13', '2020-03-09 10:15:13');
INSERT INTO `reviews` VALUES (178, 149, 'Zechariah Hartmann III', 'Corporis possimus debitis quas cum ut saepe. Et quae veniam quisquam magni. Quod quia qui aperiam sunt sunt omnis.', 3, '2020-03-09 10:15:13', '2020-03-09 10:15:13');
INSERT INTO `reviews` VALUES (179, 114, 'Ahmed Zemlak', 'Aut ut voluptas rerum eos. Quia sed maxime eveniet vitae. Et rerum enim neque nihil quaerat.', 3, '2020-03-09 10:15:14', '2020-03-09 10:15:14');
INSERT INTO `reviews` VALUES (180, 26, 'Pascale Hagenes IV', 'Ut quis earum aperiam unde adipisci inventore aut. Occaecati vero in occaecati assumenda omnis saepe. Ut voluptatem doloremque illo sapiente.', 2, '2020-03-09 10:15:14', '2020-03-09 10:15:14');
INSERT INTO `reviews` VALUES (181, 61, 'Maddison Toy', 'Ratione neque labore tempore cupiditate. Mollitia ducimus perferendis quidem voluptas. Tempore excepturi repellat iste ut eaque. Alias velit voluptatem velit in molestiae.', 3, '2020-03-09 10:15:14', '2020-03-09 10:15:14');
INSERT INTO `reviews` VALUES (182, 101, 'Michael Green Sr.', 'Recusandae nostrum officia magnam quas non. Qui magni est officia. Fugiat et natus voluptatem libero nisi quo. Ut ut tempora praesentium.', 2, '2020-03-09 10:15:14', '2020-03-09 10:15:14');
INSERT INTO `reviews` VALUES (183, 14, 'Mr. Corbin Fadel', 'Repellat sit itaque aut quaerat dolore qui. Fugit quisquam dolor laboriosam cum reiciendis veritatis eaque. Dolorum necessitatibus repellat et exercitationem rerum rem.', 0, '2020-03-09 10:15:14', '2020-03-09 10:15:14');
INSERT INTO `reviews` VALUES (184, 19, 'Monica Harber', 'Hic et vel vel debitis eos eligendi voluptatum. Non possimus aliquid consectetur dolorem nihil harum. Officiis corporis labore magni qui ut eos dolorem. Qui possimus dolorem laboriosam iure sit perferendis.', 2, '2020-03-09 10:15:14', '2020-03-09 10:15:14');
INSERT INTO `reviews` VALUES (185, 36, 'Keegan Crist', 'Molestiae sapiente nam dignissimos aut et ipsam illo omnis. Deserunt aut quis vel minus. Omnis temporibus consectetur qui. Et dolores odio dolorum quisquam accusamus.', 3, '2020-03-09 10:15:14', '2020-03-09 10:15:14');
INSERT INTO `reviews` VALUES (186, 84, 'Edna Koch V', 'Quia quia consequatur qui expedita fugiat ullam ut. Quia voluptate voluptatem quia error. Necessitatibus sed et error vero.', 2, '2020-03-09 10:15:14', '2020-03-09 10:15:14');
INSERT INTO `reviews` VALUES (187, 64, 'Adrianna Reilly', 'Natus voluptatem cum corporis magnam. Voluptatibus et aut in quia dolores sit. Eligendi iusto possimus laborum.', 3, '2020-03-09 10:15:14', '2020-03-09 10:15:14');
INSERT INTO `reviews` VALUES (188, 122, 'Hermina Block', 'Voluptas veritatis veniam corporis numquam enim numquam. Commodi possimus non consequatur placeat qui est doloribus. Molestias hic tenetur nisi cumque ratione. Error quaerat eligendi aut ad eveniet reprehenderit.', 4, '2020-03-09 10:15:14', '2020-03-09 10:15:14');
INSERT INTO `reviews` VALUES (189, 97, 'Mr. Reese Anderson PhD', 'Sed ut necessitatibus minima est quisquam hic quam. Amet consectetur omnis distinctio libero sed. Cum excepturi quidem laborum a corrupti voluptatum.', 3, '2020-03-09 10:15:14', '2020-03-09 10:15:14');
INSERT INTO `reviews` VALUES (190, 119, 'Amelia Gutkowski', 'Sunt odio dolorem blanditiis occaecati. Consequuntur fuga officiis vitae laborum alias cupiditate cupiditate et. Fuga ut praesentium aliquam mollitia sint.', 1, '2020-03-09 10:15:14', '2020-03-09 10:15:14');
INSERT INTO `reviews` VALUES (191, 138, 'Ezra Stokes', 'Veniam dolor quidem mollitia accusantium quibusdam voluptatem. Commodi ut totam molestiae officiis consequatur a qui. Qui qui sed aut amet occaecati libero eius. Explicabo qui distinctio et est iste quidem est.', 4, '2020-03-09 10:15:14', '2020-03-09 10:15:14');
INSERT INTO `reviews` VALUES (192, 37, 'Floyd Graham', 'Ut est incidunt atque. Omnis dolorum ea fugiat reprehenderit ea quisquam at quia.', 1, '2020-03-09 10:15:14', '2020-03-09 10:15:14');
INSERT INTO `reviews` VALUES (193, 1, 'Jaron D\'Amore', 'Omnis facilis adipisci inventore nisi dignissimos perspiciatis est voluptates. Distinctio totam iure doloremque distinctio ipsum optio quia.', 0, '2020-03-09 10:15:14', '2020-03-09 10:15:14');
INSERT INTO `reviews` VALUES (194, 135, 'Alexane Botsford', 'Temporibus deleniti id sed est. Corporis aperiam velit ex. Expedita facere sunt sit debitis dolores reprehenderit repellendus. Quod assumenda necessitatibus voluptatibus nihil quaerat corrupti.', 0, '2020-03-09 10:15:14', '2020-03-09 10:15:14');
INSERT INTO `reviews` VALUES (195, 30, 'Mrs. Raquel Koepp', 'Non et accusamus et necessitatibus sed ab. Qui laudantium doloribus voluptatem rerum quis esse. Et ut minus non autem illo similique. Consequuntur dolore laborum laborum sit odio blanditiis.', 3, '2020-03-09 10:15:14', '2020-03-09 10:15:14');
INSERT INTO `reviews` VALUES (196, 89, 'Constantin Stanton', 'Voluptate voluptate sit fugiat eum corporis facere. Sint quia est in. Nihil unde ipsa consequatur est mollitia nam. Est quia non dolorem autem aut architecto quia et.', 1, '2020-03-09 10:15:14', '2020-03-09 10:15:14');
INSERT INTO `reviews` VALUES (197, 15, 'Angelina Turner DVM', 'Provident quasi excepturi error repellendus assumenda asperiores eum omnis. Eveniet minus ut corrupti reiciendis est nulla in. Tempore enim quis non ad.', 1, '2020-03-09 10:15:14', '2020-03-09 10:15:14');
INSERT INTO `reviews` VALUES (198, 7, 'Ms. Wendy Torphy', 'Praesentium dolores minima dolorum rerum aut eius excepturi. Blanditiis in molestiae numquam. Neque velit exercitationem vel rerum dolores nihil cumque.', 1, '2020-03-09 10:15:14', '2020-03-09 10:15:14');
INSERT INTO `reviews` VALUES (199, 144, 'Jabari Bashirian II', 'Tempora asperiores eum ut. Voluptas inventore quo rerum consequatur voluptas. Magni veritatis voluptates non eos rem velit rerum culpa.', 2, '2020-03-09 10:15:14', '2020-03-09 10:15:14');
INSERT INTO `reviews` VALUES (200, 77, 'Mrs. Anna Tremblay I', 'Dignissimos iste quia ducimus aut ut eum sit. Et omnis voluptatem et et quia numquam eveniet. Soluta itaque quidem sequi veniam. Molestiae rerum odio hic culpa et sit voluptatem et.', 4, '2020-03-09 10:15:15', '2020-03-09 10:15:15');
INSERT INTO `reviews` VALUES (201, 9, 'Prof. Constantin Lebsack II', 'Blanditiis aliquid et sit optio. Est fugit omnis magni libero. Labore consectetur architecto qui inventore excepturi. Qui ipsa aliquid eos eos impedit facere quas.', 0, '2020-03-09 10:15:15', '2020-03-09 10:15:15');
INSERT INTO `reviews` VALUES (202, 47, 'Adolphus Hodkiewicz', 'Molestias neque expedita magnam est. Exercitationem ex ea placeat cum maxime. Tenetur dolore repudiandae excepturi vero.', 4, '2020-03-09 10:15:15', '2020-03-09 10:15:15');
INSERT INTO `reviews` VALUES (203, 68, 'Miss Celia McDermott', 'Dolore fugiat nihil est voluptatem sit at. Occaecati incidunt amet iste et facilis similique. Corporis iure sint minus ullam sed quisquam.', 2, '2020-03-09 10:15:15', '2020-03-09 10:15:15');
INSERT INTO `reviews` VALUES (204, 118, 'Prof. Erich Thiel', 'Architecto officiis minus maiores ducimus ab voluptas fugiat. Beatae accusantium neque et dolorem inventore reiciendis ullam velit. Ipsa labore facere fugiat commodi et et. Omnis adipisci eligendi aut sint repellat harum.', 3, '2020-03-09 10:15:15', '2020-03-09 10:15:15');
INSERT INTO `reviews` VALUES (205, 89, 'Prof. Eliezer Gulgowski Jr.', 'Expedita veniam quia dolorem autem aut. Accusantium sunt corporis necessitatibus ea quibusdam odit necessitatibus vel. Voluptatem quo sed asperiores non. Voluptas dolorem repudiandae sed a. Aperiam dolore officia rem quia consequatur temporibus distinctio earum.', 4, '2020-03-09 10:15:15', '2020-03-09 10:15:15');
INSERT INTO `reviews` VALUES (206, 122, 'Cora Kutch', 'Consectetur id eos voluptate architecto ut. Quas quis aut eaque deleniti sit corporis. Nobis consequatur est iste hic non.', 4, '2020-03-09 10:15:15', '2020-03-09 10:15:15');
INSERT INTO `reviews` VALUES (207, 134, 'Sydnee Sawayn Sr.', 'Dolorem qui eos quaerat nemo dolorem tempore. Voluptatem sint sed unde officia fugit qui est veniam.', 3, '2020-03-09 10:15:15', '2020-03-09 10:15:15');
INSERT INTO `reviews` VALUES (208, 3, 'Camylle Reynolds', 'Autem modi maxime eveniet nemo. Voluptatem nesciunt quod assumenda enim praesentium quo quia. Necessitatibus dolorem delectus debitis iste expedita. Pariatur nulla maxime exercitationem nisi quod eius veritatis.', 3, '2020-03-09 10:15:15', '2020-03-09 10:15:15');
INSERT INTO `reviews` VALUES (209, 137, 'Davion Wiegand', 'Sunt natus odit ducimus in. Vitae sint consequatur voluptatibus corrupti eveniet perspiciatis. Optio libero atque non aut repellendus. Dolorem est est totam inventore cumque voluptatem.', 0, '2020-03-09 10:15:15', '2020-03-09 10:15:15');
INSERT INTO `reviews` VALUES (210, 66, 'Toni Rowe', 'Corrupti et odit consequatur eligendi. Eum earum facilis enim sed sed eos accusantium et. Rerum aut amet provident magni. Id nisi qui distinctio voluptates enim ipsam doloribus.', 5, '2020-03-09 10:15:15', '2020-03-09 10:15:15');
INSERT INTO `reviews` VALUES (211, 125, 'Rene Mayert', 'Dolor laborum nihil odio est. Rerum eos aperiam sed. Eos sequi sequi vel ex qui officia velit.', 4, '2020-03-09 10:15:15', '2020-03-09 10:15:15');
INSERT INTO `reviews` VALUES (212, 17, 'Prof. Sid Cassin Jr.', 'Nobis sit officiis ea occaecati praesentium ipsam. Assumenda error numquam voluptatem qui eligendi dignissimos. Qui vitae eum atque sit itaque fugiat.', 3, '2020-03-09 10:15:15', '2020-03-09 10:15:15');
INSERT INTO `reviews` VALUES (213, 140, 'Verner Turcotte MD', 'Repellendus quos sapiente consequatur sed quod. Ut alias iusto laborum iure sint aspernatur fugit. Et enim possimus numquam voluptates ad explicabo. Sunt vero delectus consequatur consequatur aliquam dolore accusantium.', 0, '2020-03-09 10:15:15', '2020-03-09 10:15:15');
INSERT INTO `reviews` VALUES (214, 63, 'Katelyn Fadel', 'Explicabo quia possimus recusandae mollitia. Voluptate explicabo tenetur maiores asperiores recusandae non ut. Vel dolorem repellat saepe iure.', 4, '2020-03-09 10:15:16', '2020-03-09 10:15:16');
INSERT INTO `reviews` VALUES (215, 76, 'Josephine Ortiz', 'Est dignissimos vero corporis a et voluptas sit explicabo. Nihil magni vel sit velit doloribus est. Neque rerum sapiente voluptatem tenetur repellat.', 4, '2020-03-09 10:15:16', '2020-03-09 10:15:16');
INSERT INTO `reviews` VALUES (216, 71, 'Emmanuel Franecki', 'Quis accusamus et dolorum nesciunt. Ducimus saepe accusantium dolore sint perferendis eos quas. Fugit id aut voluptas velit neque. Eum non aut quia esse quibusdam dolorem in.', 1, '2020-03-09 10:15:16', '2020-03-09 10:15:16');
INSERT INTO `reviews` VALUES (217, 8, 'Miss Alivia Beier II', 'Et molestiae similique dolore numquam et ullam culpa. Illo adipisci asperiores debitis rem et. Pariatur consequuntur optio debitis deleniti. Et vel dicta error expedita est veritatis eius. Suscipit accusantium voluptatum ratione quisquam quaerat.', 5, '2020-03-09 10:15:16', '2020-03-09 10:15:16');
INSERT INTO `reviews` VALUES (218, 33, 'Ms. Virginia Quitzon Sr.', 'Molestiae adipisci quae consequatur dicta ipsa. Fugit omnis sed et sit nesciunt tenetur.', 2, '2020-03-09 10:15:16', '2020-03-09 10:15:16');
INSERT INTO `reviews` VALUES (219, 29, 'Dr. Elian Aufderhar PhD', 'Magnam sunt esse quo sunt. Saepe et alias qui dolor. Repudiandae ad aut quibusdam nobis accusamus.', 4, '2020-03-09 10:15:16', '2020-03-09 10:15:16');
INSERT INTO `reviews` VALUES (220, 113, 'Llewellyn Schumm', 'Beatae ut explicabo quo voluptatem magnam. Omnis saepe nesciunt laboriosam non. Et autem rerum aut iusto libero.', 0, '2020-03-09 10:15:16', '2020-03-09 10:15:16');
INSERT INTO `reviews` VALUES (221, 139, 'Mr. Morris Murray PhD', 'Quidem enim sit sint quas nisi dolor. Molestiae placeat qui quasi perspiciatis aperiam. Autem vitae non et neque labore. Et quo fugit autem provident.', 1, '2020-03-09 10:15:16', '2020-03-09 10:15:16');
INSERT INTO `reviews` VALUES (222, 72, 'Julio Trantow', 'Consequuntur cupiditate repellat nihil dolor quam et odit eos. Non sunt voluptas velit exercitationem distinctio non laborum quo. Et est sit odio error et.', 5, '2020-03-09 10:15:16', '2020-03-09 10:15:16');
INSERT INTO `reviews` VALUES (223, 48, 'Lamont Howell', 'Qui facere architecto facilis quisquam cumque ex minima dignissimos. Soluta ipsum quos at deserunt. Soluta rem qui eos et voluptatem in laborum.', 5, '2020-03-09 10:15:16', '2020-03-09 10:15:16');
INSERT INTO `reviews` VALUES (224, 18, 'Katelin Dickens', 'Molestiae aliquam ut officia voluptatem officiis non enim aut. Quidem maiores et id.', 2, '2020-03-09 10:15:16', '2020-03-09 10:15:16');
INSERT INTO `reviews` VALUES (225, 38, 'Stephanie Abernathy', 'Et harum esse eveniet est voluptatem velit consectetur libero. Illo assumenda et quia doloribus. Sed illum laudantium nihil placeat minima. Quo sunt porro illo.', 1, '2020-03-09 10:15:16', '2020-03-09 10:15:16');
INSERT INTO `reviews` VALUES (226, 79, 'Margarette Adams', 'Nesciunt labore assumenda et itaque expedita maiores. Omnis earum numquam eos. Modi ut doloremque eos. Quo deleniti aliquam quis quia sit.', 0, '2020-03-09 10:15:16', '2020-03-09 10:15:16');
INSERT INTO `reviews` VALUES (227, 137, 'Dr. Uriel Rolfson', 'Ab molestiae sunt dolorum inventore. Sit expedita non itaque. Sunt delectus fugit est modi.', 2, '2020-03-09 10:15:16', '2020-03-09 10:15:16');
INSERT INTO `reviews` VALUES (228, 100, 'Marilyne Brekke', 'Officiis numquam reprehenderit suscipit accusamus est. Facilis numquam et doloribus molestias numquam. Cumque sint eligendi delectus autem inventore fugit.', 3, '2020-03-09 10:15:16', '2020-03-09 10:15:16');
INSERT INTO `reviews` VALUES (229, 135, 'Pansy Vandervort', 'Hic eius blanditiis quia veritatis sequi. Provident est ut harum ex. Ratione facilis eaque nostrum.', 0, '2020-03-09 10:15:16', '2020-03-09 10:15:16');
INSERT INTO `reviews` VALUES (230, 87, 'Rogelio Heaney', 'Illo assumenda in in voluptatem vitae aut eum. Neque ex eligendi id vero ad accusantium vero. Ab non sed mollitia hic voluptatum illo consequatur. Soluta cumque voluptatem sed et aliquid earum qui.', 1, '2020-03-09 10:15:16', '2020-03-09 10:15:16');
INSERT INTO `reviews` VALUES (231, 71, 'Robyn Reynolds PhD', 'Rem voluptates maiores autem enim in ipsum. Adipisci quo reiciendis corrupti harum. Sed in sunt qui voluptatem. Accusamus reprehenderit cum sed delectus unde quam ullam.', 4, '2020-03-09 10:15:16', '2020-03-09 10:15:16');
INSERT INTO `reviews` VALUES (232, 29, 'Prof. Garrett Armstrong', 'Accusamus nulla explicabo aut. Sequi magnam voluptatem consequatur assumenda quas ex quia. Cumque et dignissimos hic alias neque. Voluptatem doloribus ab nostrum veniam veritatis alias qui.', 2, '2020-03-09 10:15:16', '2020-03-09 10:15:16');
INSERT INTO `reviews` VALUES (233, 99, 'Dr. Makenna Lueilwitz', 'Quasi tempore voluptatem expedita eos voluptas. Nesciunt quo necessitatibus distinctio ut nam debitis. Et dolorem quia sed nihil itaque.', 3, '2020-03-09 10:15:16', '2020-03-09 10:15:16');
INSERT INTO `reviews` VALUES (234, 117, 'Chanel Mitchell', 'Asperiores quo at laudantium distinctio reiciendis. Optio eum optio nisi ipsa. Sapiente impedit repellendus explicabo iusto quis facere quia.', 2, '2020-03-09 10:15:16', '2020-03-09 10:15:16');
INSERT INTO `reviews` VALUES (235, 120, 'Guadalupe Muller', 'Qui placeat voluptates eos quis ut laborum laborum. Ex eos voluptate incidunt. Non atque veniam rerum qui est aut sequi quaerat. Ullam minus reiciendis dolor sint officia. Provident labore quasi consequatur facere doloremque corrupti.', 1, '2020-03-09 10:15:16', '2020-03-09 10:15:16');
INSERT INTO `reviews` VALUES (236, 100, 'Jose Turcotte', 'Sed non saepe ipsam. Et qui repellendus dolor optio consequatur et consequuntur sed. Voluptatibus iusto est sunt et praesentium. Cumque neque libero quos dolorem nam.', 0, '2020-03-09 10:15:16', '2020-03-09 10:15:16');
INSERT INTO `reviews` VALUES (237, 49, 'Velda Fay III', 'Perspiciatis dolor et vero in. Pariatur nihil qui veniam minus accusamus. In aut aliquid ipsam quia similique eligendi. Voluptatibus autem omnis ab rem placeat ea tempore.', 5, '2020-03-09 10:15:16', '2020-03-09 10:15:16');
INSERT INTO `reviews` VALUES (238, 15, 'Mr. Alfonso Homenick Sr.', 'Non aspernatur voluptatibus et quaerat iure veritatis. Assumenda nisi et quo et consectetur sint autem. Laudantium qui ducimus eaque esse.', 3, '2020-03-09 10:15:16', '2020-03-09 10:15:16');
INSERT INTO `reviews` VALUES (239, 145, 'Holly Paucek', 'Quaerat cum facere beatae dicta dolores. Libero doloremque enim repellat repellat est. Odio nihil enim praesentium et voluptatem.', 1, '2020-03-09 10:15:17', '2020-03-09 10:15:17');
INSERT INTO `reviews` VALUES (240, 49, 'Otis Daniel', 'Qui placeat deleniti dolor quisquam mollitia minus quo. Maiores doloribus porro iure enim quas voluptatem sed. Laudantium quia aspernatur deleniti.', 2, '2020-03-09 10:15:17', '2020-03-09 10:15:17');
INSERT INTO `reviews` VALUES (241, 127, 'Mr. Davon Monahan I', 'Exercitationem aliquam quidem quo sapiente. Amet esse vel nulla ut. Omnis beatae aut quas necessitatibus ut illo nisi.', 4, '2020-03-09 10:15:17', '2020-03-09 10:15:17');
INSERT INTO `reviews` VALUES (242, 136, 'Dylan Senger', 'Autem maxime ducimus laudantium. Rerum qui qui non ea. Et voluptatibus nostrum debitis. Velit enim id et.', 5, '2020-03-09 10:15:17', '2020-03-09 10:15:17');
INSERT INTO `reviews` VALUES (243, 134, 'Dr. Krystal Mills', 'Iusto voluptatem ipsum neque. Autem quis ut ut mollitia voluptatum maiores. Aut dolor quaerat excepturi maxime. Fuga et culpa quaerat amet dolorum voluptates. Quis et quo velit dicta placeat.', 2, '2020-03-09 10:15:17', '2020-03-09 10:15:17');
INSERT INTO `reviews` VALUES (244, 88, 'Eldon Crona', 'Et maxime excepturi reiciendis ad quas. Veritatis id eveniet est officia. Unde pariatur adipisci iste.', 5, '2020-03-09 10:15:17', '2020-03-09 10:15:17');
INSERT INTO `reviews` VALUES (245, 3, 'Keyon Thiel', 'Consectetur explicabo et qui a ut itaque qui. Voluptas est neque sed vel nostrum consequatur. Quod enim ut architecto assumenda labore. Asperiores sit sapiente doloremque amet vel beatae maxime sit.', 1, '2020-03-09 10:15:17', '2020-03-09 10:15:17');
INSERT INTO `reviews` VALUES (246, 135, 'Gaylord Mante', 'Et est dolor aut ducimus perferendis saepe. Magni atque impedit iure earum quis consequatur laborum est. Placeat quo tempora id ab a natus sunt perferendis. Et dolore et totam rem cupiditate esse.', 2, '2020-03-09 10:15:17', '2020-03-09 10:15:17');
INSERT INTO `reviews` VALUES (247, 73, 'Maci Barrows', 'Omnis est mollitia nam officiis quod facilis nobis. Voluptatibus est voluptatibus nihil quam. Quia minima suscipit ut quisquam eum autem sed et.', 0, '2020-03-09 10:15:17', '2020-03-09 10:15:17');
INSERT INTO `reviews` VALUES (248, 28, 'Aron Hansen', 'Magnam velit voluptatibus harum laboriosam. Ea aut non iusto autem recusandae unde. Omnis ut voluptatem aliquam dolores consequatur hic. Molestias quam quia eius eveniet assumenda deserunt id.', 2, '2020-03-09 10:15:17', '2020-03-09 10:15:17');
INSERT INTO `reviews` VALUES (249, 69, 'Mr. Tristian Gutkowski DDS', 'Quam impedit quaerat quam et et consectetur. Aut voluptatem aut id sint sed aliquam. Alias animi commodi vel consequatur.', 1, '2020-03-09 10:15:17', '2020-03-09 10:15:17');
INSERT INTO `reviews` VALUES (250, 101, 'Willie Boyer', 'Voluptas neque placeat ut ut cupiditate sint explicabo et. Provident quia rerum minima. Quisquam mollitia ut voluptatem in voluptate et. Maiores sint voluptatibus atque cum quasi.', 1, '2020-03-09 10:15:17', '2020-03-09 10:15:17');
INSERT INTO `reviews` VALUES (251, 94, 'Alvena Nader', 'Fuga eaque dolorum qui ea sed ut perspiciatis facilis. Aut vel expedita molestiae autem. Molestias sunt et ad. Sapiente et deserunt quis facere minima rerum.', 0, '2020-03-09 10:15:17', '2020-03-09 10:15:17');
INSERT INTO `reviews` VALUES (252, 139, 'Agustina Fahey', 'Enim saepe dignissimos eum vel. Dolores unde explicabo distinctio nisi qui qui. Aut delectus corporis odit. Dolor iusto rerum et laudantium in maxime dolorem. Doloremque accusantium dignissimos harum ea est deleniti aspernatur.', 3, '2020-03-09 10:15:17', '2020-03-09 10:15:17');
INSERT INTO `reviews` VALUES (253, 144, 'Triston Ritchie', 'Et corrupti itaque esse quo est consequatur distinctio. Dolorum et ut dicta accusantium. Excepturi accusantium architecto non itaque.', 5, '2020-03-09 10:15:17', '2020-03-09 10:15:17');
INSERT INTO `reviews` VALUES (254, 69, 'Angie Feil', 'Cumque fugit molestias vel voluptatem. Non ullam cumque quasi corporis ratione ut. Et explicabo aliquam molestiae ut ab et.', 5, '2020-03-09 10:15:17', '2020-03-09 10:15:17');
INSERT INTO `reviews` VALUES (255, 12, 'Wyman Nicolas Sr.', 'Culpa quibusdam qui aut quam quo. Ut porro unde harum minima. Dicta nesciunt neque voluptas eos aut. Non sed magni maxime et modi non.', 5, '2020-03-09 10:15:17', '2020-03-09 10:15:17');
INSERT INTO `reviews` VALUES (256, 68, 'Ms. Jodie Cassin', 'Et et vero cumque nihil vel ratione ipsa. Unde sit quis dolor nobis illum dolores qui. Eum exercitationem consequatur praesentium recusandae. Eaque harum velit eveniet quod libero est. Error optio molestiae voluptates vel sed in.', 2, '2020-03-09 10:15:17', '2020-03-09 10:15:17');
INSERT INTO `reviews` VALUES (257, 27, 'Astrid Shields', 'Nulla temporibus odit doloremque quo. Dolorem ab sint non quisquam pariatur dolorem. Non commodi in qui in aut. Ipsa est eos exercitationem explicabo voluptas harum. Omnis quibusdam voluptatem eum voluptates.', 3, '2020-03-09 10:15:17', '2020-03-09 10:15:17');
INSERT INTO `reviews` VALUES (258, 48, 'Prof. Jordane Kulas', 'Ad et animi nulla qui aut et voluptatem. Eligendi molestiae enim molestias sit molestiae quis. Quas maxime ratione minus nisi.', 2, '2020-03-09 10:15:17', '2020-03-09 10:15:17');
INSERT INTO `reviews` VALUES (259, 49, 'Dr. Kellen Flatley II', 'Quibusdam eaque consequatur repellendus ad repellendus natus. Itaque repudiandae atque ut et eveniet assumenda. Recusandae quis quam et consequuntur.', 5, '2020-03-09 10:15:17', '2020-03-09 10:15:17');
INSERT INTO `reviews` VALUES (260, 130, 'Shany Champlin MD', 'Nostrum deleniti placeat aliquam in dicta. Iste autem sit earum aperiam fuga.', 3, '2020-03-09 10:15:17', '2020-03-09 10:15:17');
INSERT INTO `reviews` VALUES (261, 29, 'Zola Pfeffer', 'Nobis cum itaque fugiat ea nam eligendi. Consequuntur laboriosam iure dolor. Similique veritatis quae voluptatem qui. Soluta molestiae deserunt natus cupiditate et.', 5, '2020-03-09 10:15:17', '2020-03-09 10:15:17');
INSERT INTO `reviews` VALUES (262, 72, 'Dr. Alvena Quigley Jr.', 'Qui ex expedita saepe dolores aut doloribus. Quisquam sint porro atque a culpa et. Cumque dolorum quia quisquam est tempora aut ut. Molestiae quae quibusdam voluptas aut.', 3, '2020-03-09 10:15:17', '2020-03-09 10:15:17');
INSERT INTO `reviews` VALUES (263, 25, 'Jackson Huels', 'Vero aliquam blanditiis repellat fuga nemo provident illum minima. Esse iure aut sit ut et velit. Necessitatibus natus ad libero incidunt.', 5, '2020-03-09 10:15:17', '2020-03-09 10:15:17');
INSERT INTO `reviews` VALUES (264, 70, 'Noel Dicki', 'Placeat ut praesentium ut enim dignissimos nemo sed eos. Cumque dignissimos nostrum incidunt praesentium voluptatum iusto vitae. Modi magni quaerat debitis et quo numquam et. Nam quibusdam rerum sit.', 4, '2020-03-09 10:15:17', '2020-03-09 10:15:17');
INSERT INTO `reviews` VALUES (265, 9, 'Martin Friesen', 'Incidunt perspiciatis et id. Eius rem corrupti sunt cumque velit qui. Id ea eum et quia dicta voluptatibus.', 0, '2020-03-09 10:15:18', '2020-03-09 10:15:18');
INSERT INTO `reviews` VALUES (266, 7, 'Ross Bosco', 'Sunt quam sit eos aut nisi. Consequatur tenetur qui repellendus laboriosam. Repellendus dolorem ratione ipsa illo. Doloribus qui consectetur dolor placeat. Earum recusandae ex cumque eum fuga ut omnis.', 4, '2020-03-09 10:15:18', '2020-03-09 10:15:18');
INSERT INTO `reviews` VALUES (267, 81, 'Sabina Predovic', 'Amet impedit aliquam eum odio id ut repudiandae. Libero ut placeat dignissimos reprehenderit tenetur esse. Dolorum et error voluptatem fuga ab. Ab aspernatur debitis aut eaque expedita molestiae.', 5, '2020-03-09 10:15:18', '2020-03-09 10:15:18');
INSERT INTO `reviews` VALUES (268, 148, 'Mitchel Ebert', 'Pariatur alias minima enim voluptate earum saepe. Sequi nisi ex perferendis sed. Pariatur est exercitationem id omnis voluptas vel. Dolore praesentium consequatur rerum vel tenetur rerum in.', 5, '2020-03-09 10:15:18', '2020-03-09 10:15:18');
INSERT INTO `reviews` VALUES (269, 106, 'Gianni Langworth', 'Architecto qui rerum unde. Repellat ut inventore optio ut sit molestias. Corrupti deleniti id et praesentium. Iusto quasi voluptas eveniet dicta et quidem.', 1, '2020-03-09 10:15:18', '2020-03-09 10:15:18');
INSERT INTO `reviews` VALUES (270, 11, 'Malvina Reichel', 'Inventore qui non dignissimos excepturi. Dolore maiores aut qui neque qui aspernatur. Assumenda sunt placeat voluptate explicabo dicta vero sapiente. Sint sapiente reprehenderit non ut molestiae dolores. Ut ut id quos unde neque quidem quae.', 4, '2020-03-09 10:15:18', '2020-03-09 10:15:18');
INSERT INTO `reviews` VALUES (271, 49, 'Erick Hessel', 'Doloremque totam et eveniet quia velit est ex. Exercitationem assumenda est numquam fuga voluptatem dignissimos. Et nesciunt minima quibusdam eius ut in. Eaque architecto hic facilis rerum voluptatem perspiciatis. Reiciendis fugiat magnam tempora et nisi velit.', 5, '2020-03-09 10:15:18', '2020-03-09 10:15:18');
INSERT INTO `reviews` VALUES (272, 100, 'Paxton Terry', 'Nulla ut rerum numquam id quod velit sed. Velit nemo non alias non aperiam. Aut beatae quia et rerum.', 3, '2020-03-09 10:15:18', '2020-03-09 10:15:18');
INSERT INTO `reviews` VALUES (273, 126, 'Mrs. Addison Turner', 'Odit cum in possimus dolor tempora exercitationem. Magni consectetur blanditiis labore similique.', 0, '2020-03-09 10:15:18', '2020-03-09 10:15:18');
INSERT INTO `reviews` VALUES (274, 148, 'Kamren White', 'Modi et quaerat quod et. Placeat totam et aut ex. Enim labore sed odio nihil tenetur.', 0, '2020-03-09 10:15:18', '2020-03-09 10:15:18');
INSERT INTO `reviews` VALUES (275, 66, 'Kassandra Bartell', 'Exercitationem et repellat fugiat dolor voluptatem quo voluptate. Et ducimus omnis sunt reiciendis quam.', 1, '2020-03-09 10:15:18', '2020-03-09 10:15:18');
INSERT INTO `reviews` VALUES (276, 122, 'Mrs. Opal Mraz', 'Aliquam et quasi sit libero. Aut iusto porro earum expedita explicabo inventore quia expedita. Unde aliquam quae corporis eos eum.', 1, '2020-03-09 10:15:18', '2020-03-09 10:15:18');
INSERT INTO `reviews` VALUES (277, 66, 'Edward Connelly', 'Cum quis maiores ut nihil illo est natus quibusdam. Dolor animi occaecati enim porro qui. Quia accusantium numquam dolore soluta.', 1, '2020-03-09 10:15:18', '2020-03-09 10:15:18');
INSERT INTO `reviews` VALUES (278, 22, 'Mozelle Goyette', 'Fugit minus et distinctio. Et a vero quia sed repellendus est enim. Qui provident perspiciatis ad ut.', 2, '2020-03-09 10:15:18', '2020-03-09 10:15:18');
INSERT INTO `reviews` VALUES (279, 77, 'Carolyn Howe', 'Corrupti est ea earum nisi. Ut rerum molestiae assumenda doloremque qui voluptatem aperiam. Fugiat aspernatur dolorum laborum.', 3, '2020-03-09 10:15:18', '2020-03-09 10:15:18');
INSERT INTO `reviews` VALUES (280, 115, 'Aurore Cruickshank V', 'Non suscipit doloribus et. Deserunt molestiae tempora mollitia iste. Beatae placeat amet corrupti saepe. Exercitationem odit numquam modi.', 4, '2020-03-09 10:15:18', '2020-03-09 10:15:18');
INSERT INTO `reviews` VALUES (281, 122, 'Mrs. Alfreda Walter I', 'Doloremque aut voluptas dolor est voluptatem quod optio. Voluptas dolorem asperiores necessitatibus quaerat consequatur fuga. Praesentium sed quas animi consectetur aspernatur quo consequatur. Repellendus sint est nisi veritatis libero animi.', 4, '2020-03-09 10:15:18', '2020-03-09 10:15:18');
INSERT INTO `reviews` VALUES (282, 137, 'Birdie Collier', 'Et eveniet delectus animi quisquam ipsum. Nulla eveniet incidunt veniam officia qui. Est assumenda architecto atque vero vero iure.', 4, '2020-03-09 10:15:18', '2020-03-09 10:15:18');
INSERT INTO `reviews` VALUES (283, 19, 'Dr. Tyree Haag', 'Voluptatem sint enim nam quis aut. Optio nisi nemo distinctio et itaque hic eaque. Qui sit at alias sequi delectus nihil. Quia ut aut ut veniam.', 4, '2020-03-09 10:15:19', '2020-03-09 10:15:19');
INSERT INTO `reviews` VALUES (284, 40, 'Dr. Felipe Leannon', 'Id facere velit non atque ullam. Quaerat unde hic cupiditate earum quas. Vitae quibusdam rerum expedita velit.', 2, '2020-03-09 10:15:19', '2020-03-09 10:15:19');
INSERT INTO `reviews` VALUES (285, 8, 'Prof. Elouise Beier', 'Ullam sint ullam asperiores aut qui. Nam tempora laboriosam officiis explicabo quos. Voluptatem et similique officia enim in. Quidem praesentium fuga iusto magnam blanditiis minima corporis. Aut quidem sint soluta adipisci.', 0, '2020-03-09 10:15:19', '2020-03-09 10:15:19');
INSERT INTO `reviews` VALUES (286, 59, 'Nicholas Kirlin', 'Quia sit cumque qui temporibus. Mollitia voluptatum ducimus deleniti laudantium nisi illum. Cupiditate corrupti eos et est enim blanditiis. Sed error eligendi excepturi harum eum quis consequuntur. Eos dolores amet a id.', 4, '2020-03-09 10:15:19', '2020-03-09 10:15:19');
INSERT INTO `reviews` VALUES (287, 62, 'Jayden Runolfsdottir', 'At nisi et adipisci quam accusamus. Est distinctio aliquam dolores saepe adipisci eum. Nihil dolorum illo nesciunt quis vitae deserunt.', 2, '2020-03-09 10:15:19', '2020-03-09 10:15:19');
INSERT INTO `reviews` VALUES (288, 143, 'Dawn Schiller', 'Officiis recusandae cupiditate eos eum sint voluptatibus. Et et quis maiores qui. Laborum sed repellendus odit aperiam minus. Quidem aut odit necessitatibus iure quia est quia. Consequuntur dolor voluptas voluptatem consequatur autem.', 5, '2020-03-09 10:15:19', '2020-03-09 10:15:19');
INSERT INTO `reviews` VALUES (289, 129, 'Reanna Cummerata', 'Deleniti officia laborum consectetur repudiandae perferendis magnam adipisci nemo. Repudiandae aut consequuntur deleniti ut dicta in. Natus possimus consequatur quam suscipit molestiae. Libero alias dolorem sit nisi.', 1, '2020-03-09 10:15:19', '2020-03-09 10:15:19');
INSERT INTO `reviews` VALUES (290, 100, 'Prof. Corine Bruen I', 'Nemo odit aliquam nemo dolorem totam. Dicta eligendi voluptate vel et eligendi. Voluptatum a ut ipsum hic voluptatem illo. Cum et dolorem fugiat omnis et voluptatibus. Ut facere repellat ut corrupti hic cum accusamus.', 4, '2020-03-09 10:15:19', '2020-03-09 10:15:19');
INSERT INTO `reviews` VALUES (291, 60, 'Ms. Brenda Monahan', 'Occaecati natus ex qui quidem ut. Rerum enim quis aut aliquam aut aliquam. Enim debitis repellat hic officia. Dolorem libero similique et aut.', 0, '2020-03-09 10:15:19', '2020-03-09 10:15:19');
INSERT INTO `reviews` VALUES (292, 74, 'Monica Turcotte', 'Nisi placeat perferendis sit consequatur et repellendus corrupti. Exercitationem laboriosam vitae consequatur quia similique. Incidunt reprehenderit unde laboriosam consequatur.', 3, '2020-03-09 10:15:19', '2020-03-09 10:15:19');
INSERT INTO `reviews` VALUES (293, 76, 'Titus Nitzsche IV', 'Assumenda itaque qui atque. Saepe fugit error reprehenderit repellendus. Doloremque esse iusto consequuntur voluptas saepe distinctio ut. Provident molestiae dicta eos sed iste quisquam veritatis.', 1, '2020-03-09 10:15:19', '2020-03-09 10:15:19');
INSERT INTO `reviews` VALUES (294, 2, 'Raphaelle Yost DDS', 'Voluptatum porro error consequuntur est autem ut. Perspiciatis voluptatem non dignissimos officia aut odit. Voluptatem debitis tenetur natus illum quod dolorum. Vero doloremque veniam sed recusandae eaque.', 5, '2020-03-09 10:15:19', '2020-03-09 10:15:19');
INSERT INTO `reviews` VALUES (295, 107, 'Monserrate McClure', 'Repellat doloribus aut et at ab tempora vitae. Asperiores et et officia nisi facere occaecati. Cumque vel maxime dolor molestias nisi voluptas. Architecto recusandae fugit adipisci sed sunt quis placeat eos. Mollitia numquam eligendi sed est unde voluptates.', 3, '2020-03-09 10:15:19', '2020-03-09 10:15:19');
INSERT INTO `reviews` VALUES (296, 2, 'Janae Howell', 'Aspernatur laboriosam cupiditate molestiae. Et ipsa voluptatum sunt sit doloremque laborum. Consequatur rem autem in officia aut.', 3, '2020-03-09 10:15:19', '2020-03-09 10:15:19');
INSERT INTO `reviews` VALUES (297, 32, 'Cristian Haley', 'Assumenda et quo amet. Cumque in aut est. Explicabo blanditiis perferendis eveniet quod dolores facere qui.', 1, '2020-03-09 10:15:19', '2020-03-09 10:15:19');
INSERT INTO `reviews` VALUES (298, 4, 'Filomena Lowe', 'Provident modi odio ut saepe eligendi. Eligendi minima quibusdam quas fugit voluptatum recusandae ex. Reiciendis reiciendis et sed voluptates ut placeat totam. Et dolor officiis quam pariatur.', 5, '2020-03-09 10:15:19', '2020-03-09 10:15:19');
INSERT INTO `reviews` VALUES (299, 15, 'Dora Jacobson', 'Fugiat quaerat sit aliquid magnam eaque reiciendis rerum. Est amet perspiciatis voluptatum. Est voluptatem iusto omnis. Ratione ab nihil quia incidunt voluptas omnis autem.', 4, '2020-03-09 10:15:19', '2020-03-09 10:15:19');
INSERT INTO `reviews` VALUES (300, 76, 'Frederik Kshlerin', 'Veritatis veniam quaerat velit. Tempora est molestiae veritatis error quam magnam. Qui quia tenetur est inventore vitae earum.', 2, '2020-03-09 10:15:19', '2020-03-09 10:15:19');

-- ----------------------------
-- Table structure for users
-- ----------------------------
DROP TABLE IF EXISTS `users`;
CREATE TABLE `users`  (
  `id` int(10) UNSIGNED NOT NULL AUTO_INCREMENT,
  `name` varchar(255) CHARACTER SET utf8mb4 COLLATE utf8mb4_unicode_ci NOT NULL,
  `email` varchar(255) CHARACTER SET utf8mb4 COLLATE utf8mb4_unicode_ci NOT NULL,
  `password` varchar(255) CHARACTER SET utf8mb4 COLLATE utf8mb4_unicode_ci NOT NULL,
  `remember_token` varchar(100) CHARACTER SET utf8mb4 COLLATE utf8mb4_unicode_ci NULL DEFAULT NULL,
  `created_at` timestamp(0) NULL DEFAULT NULL,
  `updated_at` timestamp(0) NULL DEFAULT NULL,
  PRIMARY KEY (`id`) USING BTREE,
  UNIQUE INDEX `users_email_unique`(`email`) USING BTREE
) ENGINE = InnoDB AUTO_INCREMENT = 1 CHARACTER SET = utf8mb4 COLLATE = utf8mb4_unicode_ci ROW_FORMAT = Dynamic;

-- ----------------------------
-- Records of users
-- ----------------------------

SET FOREIGN_KEY_CHECKS = 1;
